-- phpMyAdmin SQL Dump
-- version 4.8.3
-- https://www.phpmyadmin.net/
--
-- Host: 127.0.0.1
-- Generation Time: Feb 04, 2021 at 09:25 AM
-- Server version: 10.1.36-MariaDB
-- PHP Version: 5.6.38

SET SQL_MODE = "NO_AUTO_VALUE_ON_ZERO";
SET AUTOCOMMIT = 0;
START TRANSACTION;
SET time_zone = "+00:00";


/*!40101 SET @OLD_CHARACTER_SET_CLIENT=@@CHARACTER_SET_CLIENT */;
/*!40101 SET @OLD_CHARACTER_SET_RESULTS=@@CHARACTER_SET_RESULTS */;
/*!40101 SET @OLD_COLLATION_CONNECTION=@@COLLATION_CONNECTION */;
/*!40101 SET NAMES utf8mb4 */;

--
-- Database: `telegram`
--

-- --------------------------------------------------------

--
-- Table structure for table `chatmessage`
--

CREATE TABLE `chatmessage` (
  `id` varchar(64) NOT NULL,
  `receiverId` varchar(64) NOT NULL,
  `senderId` varchar(64) NOT NULL,
  `message` text NOT NULL,
  `time` timestamp NOT NULL DEFAULT CURRENT_TIMESTAMP
) ENGINE=InnoDB DEFAULT CHARSET=latin1;

--
-- Dumping data for table `chatmessage`
--

INSERT INTO `chatmessage` (`id`, `receiverId`, `senderId`, `message`, `time`) VALUES
('00171aae-c180-4415-9b6e-e6454605dce3', '12c71ec3-4f2b-4718-9864-ba4e4d53de6c', '998c030f-954d-4dd2-94df-69cc0045fb82', 'jam 23 06', '2021-01-05 16:06:39'),
('026cc837-ad91-43c7-adb0-ed06c5a66772', '2f91f660-c6a0-4a37-91a4-84706168b243', '12c71ec3-4f2b-4718-9864-ba4e4d53de6c', 'jam 1 47', '2021-01-03 18:47:41'),
('0276d6ae-6d99-4b09-b523-4b8dae5ad950', '998c030f-954d-4dd2-94df-69cc0045fb82', '2f91f660-c6a0-4a37-91a4-84706168b243', 'halo shau', '2021-01-05 13:42:27'),
('02a48114-b76c-40ad-8157-014c30ebab68', '998c030f-954d-4dd2-94df-69cc0045fb82', '12c71ec3-4f2b-4718-9864-ba4e4d53de6c', 'shau', '2021-02-03 08:26:24'),
('031bc07d-1edd-4886-bff3-8d51ea211241', '12c71ec3-4f2b-4718-9864-ba4e4d53de6c', '998c030f-954d-4dd2-94df-69cc0045fb82', 'jam 21 14', '2021-01-05 14:14:51'),
('03a84736-ddc8-4961-b6d7-db4816454902', '12c71ec3-4f2b-4718-9864-ba4e4d53de6c', '998c030f-954d-4dd2-94df-69cc0045fb82', 'jam 23 20', '2021-01-05 16:20:43'),
('0540f122-a1ff-4523-bf89-c4d4a36d299d', '12c71ec3-4f2b-4718-9864-ba4e4d53de6c', '998c030f-954d-4dd2-94df-69cc0045fb82', 'jam 22 48', '2021-01-05 15:48:33'),
('061b6a91-a664-402f-a858-b233f6d55222', '94d2768c-e270-46dc-a089-8ef645866980', '12c71ec3-4f2b-4718-9864-ba4e4d53de6c', 'jam 13 02', '2021-01-04 06:02:06'),
('06c9c5a9-6ca8-4ab6-9537-ab9b08c7207d', '12c71ec3-4f2b-4718-9864-ba4e4d53de6c', '998c030f-954d-4dd2-94df-69cc0045fb82', 'jam 21 28', '2021-01-05 14:28:09'),
('08c5c5a8-f678-4191-a467-a67b542e1993', '998c030f-954d-4dd2-94df-69cc0045fb82', '12c71ec3-4f2b-4718-9864-ba4e4d53de6c', 'jam 1534', '2021-02-03 08:34:29'),
('090e5172-7d4a-4953-a6c8-62e4231ff5fa', '94d2768c-e270-46dc-a089-8ef645866980', '12c71ec3-4f2b-4718-9864-ba4e4d53de6c', 'jam setengah 11', '2021-01-02 15:34:08'),
('09625ad7-df53-4ecb-b415-9c3bba9c27f5', '12c71ec3-4f2b-4718-9864-ba4e4d53de6c', '998c030f-954d-4dd2-94df-69cc0045fb82', 'halo', '2021-01-05 04:52:03'),
('09a4c596-04d3-4ba7-8edc-c47233989b35', '12c71ec3-4f2b-4718-9864-ba4e4d53de6c', '998c030f-954d-4dd2-94df-69cc0045fb82', 'dari shau untuk shaula', '2021-01-05 13:19:35'),
('0a9d050d-492f-45bc-91d4-9f67ed696e2f', '94d2768c-e270-46dc-a089-8ef645866980', '12c71ec3-4f2b-4718-9864-ba4e4d53de6c', 'jam 12 01', '2021-01-04 05:01:17'),
('0b54caec-b32e-43ae-90db-1b04a6456186', '998c030f-954d-4dd2-94df-69cc0045fb82', '2f91f660-c6a0-4a37-91a4-84706168b243', 'jam 21 29', '2021-01-05 14:29:07'),
('0cceab34-f5bd-49c5-966f-5a5ee873a7e7', '998c030f-954d-4dd2-94df-69cc0045fb82', '12c71ec3-4f2b-4718-9864-ba4e4d53de6c', 'hola', '2021-01-05 05:40:57'),
('0d3babb3-d836-4865-9dc0-1662abcec4ed', '94d2768c-e270-46dc-a089-8ef645866980', '12c71ec3-4f2b-4718-9864-ba4e4d53de6c', 'sekarang libur?', '2021-01-01 08:34:33'),
('0d95fdc9-a564-412a-9832-9133f6f9ebf7', '94d2768c-e270-46dc-a089-8ef645866980', '12c71ec3-4f2b-4718-9864-ba4e4d53de6c', 'hai', '2021-02-03 08:31:05'),
('0f17b450-fd77-43db-a4f4-d07cee848b17', '12c71ec3-4f2b-4718-9864-ba4e4d53de6c', '94d2768c-e270-46dc-a089-8ef645866980', 'jam 13 13', '2021-01-04 06:13:11'),
('0f40eb30-f652-4c49-a056-5c27787938cc', '94d2768c-e270-46dc-a089-8ef645866980', '12c71ec3-4f2b-4718-9864-ba4e4d53de6c', 'hai', '2021-01-02 08:49:33'),
('10a5b87f-8eb4-489e-8051-80f7b5de7962', '998c030f-954d-4dd2-94df-69cc0045fb82', '2f91f660-c6a0-4a37-91a4-84706168b243', 'hai', '2021-01-05 16:12:05'),
('121ec01f-3af4-492d-8d28-48d238d5f787', '998c030f-954d-4dd2-94df-69cc0045fb82', '2f91f660-c6a0-4a37-91a4-84706168b243', 'halo', '2021-01-05 15:08:43'),
('128867b9-175a-4a2b-958b-13e3b37a6052', '2f91f660-c6a0-4a37-91a4-84706168b243', '12c71ec3-4f2b-4718-9864-ba4e4d53de6c', 'jam 21 51', '2021-01-04 14:51:59'),
('12c76f6e-3d8e-46bb-ae4e-f9e912de12d8', '998c030f-954d-4dd2-94df-69cc0045fb82', '2f91f660-c6a0-4a37-91a4-84706168b243', 'jam 16 36 dari robi', '2021-01-05 09:36:12'),
('13d2bfc9-049a-49dc-8242-b1259bd127e6', '12c71ec3-4f2b-4718-9864-ba4e4d53de6c', '2f91f660-c6a0-4a37-91a4-84706168b243', 'jam 054', '2021-01-03 17:54:50'),
('13fe9638-fcba-43d1-94e1-7061413b13b3', '12c71ec3-4f2b-4718-9864-ba4e4d53de6c', '94d2768c-e270-46dc-a089-8ef645866980', 'jam 18 31', '2021-01-04 11:31:30'),
('143846b5-1dd8-4746-b41d-7f3edc85effa', '12c71ec3-4f2b-4718-9864-ba4e4d53de6c', '94d2768c-e270-46dc-a089-8ef645866980', 'jam 10 33', '2021-01-04 03:33:29'),
('151736bc-ca46-4126-ac1a-05295aeaab47', '877a8f3f-927d-4664-b078-3cd87479de5f', '12c71ec3-4f2b-4718-9864-ba4e4d53de6c', 'hai', '2021-01-05 20:55:11'),
('17b9a217-645f-4f3a-b6f9-b5f821d489c6', '94d2768c-e270-46dc-a089-8ef645866980', '12c71ec3-4f2b-4718-9864-ba4e4d53de6c', 'jam 12 53', '2021-01-04 17:53:01'),
('17c607f5-c8ae-49b1-bb6f-70dc973045c1', '1672f05a-13a8-487c-9997-be5430608142', '12c71ec3-4f2b-4718-9864-ba4e4d53de6c', 'haloo', '2021-01-05 01:14:55'),
('18b4a929-36e1-403b-bd43-775eee67591a', '998c030f-954d-4dd2-94df-69cc0045fb82', '2f91f660-c6a0-4a37-91a4-84706168b243', 'dari robi jam 18 52', '2021-01-05 11:52:16'),
('1acadcbd-75de-49c2-bf1b-8b8b9af37182', '12c71ec3-4f2b-4718-9864-ba4e4d53de6c', '998c030f-954d-4dd2-94df-69cc0045fb82', 'jam 18 08', '2021-01-05 11:08:28'),
('1ad07a20-9964-421f-aa0b-b958e18dd90e', '12c71ec3-4f2b-4718-9864-ba4e4d53de6c', '998c030f-954d-4dd2-94df-69cc0045fb82', 'jam 20 53', '2021-01-05 13:53:27'),
('1b2ba545-008f-42b3-9b61-4976971db8d4', '94d2768c-e270-46dc-a089-8ef645866980', '12c71ec3-4f2b-4718-9864-ba4e4d53de6c', 'jam 13 06', '2021-01-04 06:06:56'),
('1be72375-4fe3-4de8-8781-6cc64adc116f', '94d2768c-e270-46dc-a089-8ef645866980', '12c71ec3-4f2b-4718-9864-ba4e4d53de6c', 'aku shaula', '2021-01-01 08:49:13'),
('1c166be8-24dc-4bd3-a37f-932e15d336f9', '12c71ec3-4f2b-4718-9864-ba4e4d53de6c', '998c030f-954d-4dd2-94df-69cc0045fb82', 'jam 22 27', '2021-01-05 15:27:14'),
('1c36b9dc-4028-4684-a4dc-acbfa71b513c', '998c030f-954d-4dd2-94df-69cc0045fb82', '2f91f660-c6a0-4a37-91a4-84706168b243', 'dari robi untuk shau', '2021-01-05 16:40:20'),
('1cd668e0-92b9-4d30-a13e-a9b2ba88cbf9', '12c71ec3-4f2b-4718-9864-ba4e4d53de6c', '998c030f-954d-4dd2-94df-69cc0045fb82', 'hola', '2021-01-05 05:05:45'),
('1e6c2c5d-c0f3-48cc-892a-898eca3209cc', '12c71ec3-4f2b-4718-9864-ba4e4d53de6c', '94d2768c-e270-46dc-a089-8ef645866980', 'jam 10 29', '2021-01-04 03:29:05'),
('1e8912d2-9ebe-4f39-920f-688567ac4e1e', '12c71ec3-4f2b-4718-9864-ba4e4d53de6c', '2f91f660-c6a0-4a37-91a4-84706168b243', 'jam 21 54', '2021-01-05 14:54:38'),
('1f414136-80a1-438d-b835-4db4b9240757', '998c030f-954d-4dd2-94df-69cc0045fb82', '12c71ec3-4f2b-4718-9864-ba4e4d53de6c', 'halo', '2021-01-05 05:06:07'),
('1f9ab4a1-2062-44f4-b71e-3842c3119537', '94d2768c-e270-46dc-a089-8ef645866980', '12c71ec3-4f2b-4718-9864-ba4e4d53de6c', 'aku baik baik aja', '2021-01-04 03:35:08'),
('202c72d5-fc43-4544-8526-a692cd143e82', '2f91f660-c6a0-4a37-91a4-84706168b243', '998c030f-954d-4dd2-94df-69cc0045fb82', 'jam 1 39', '2021-02-02 18:39:37'),
('204171d0-011b-488e-b545-333322b6deef', '2f91f660-c6a0-4a37-91a4-84706168b243', '12c71ec3-4f2b-4718-9864-ba4e4d53de6c', 'tessssssssssssssssss', '2021-01-03 17:24:57'),
('20870815-cdcf-4b99-99a5-d889f54b8966', '12c71ec3-4f2b-4718-9864-ba4e4d53de6c', '998c030f-954d-4dd2-94df-69cc0045fb82', 'ohh hai', '2021-01-05 04:52:31'),
('208bd105-e257-4d04-99c0-ea53e31cfbe9', '12c71ec3-4f2b-4718-9864-ba4e4d53de6c', '94d2768c-e270-46dc-a089-8ef645866980', 'halo', '2021-01-04 06:26:36'),
('2121d67e-285f-4a3d-a3ce-46642a700ace', '12c71ec3-4f2b-4718-9864-ba4e4d53de6c', '2f91f660-c6a0-4a37-91a4-84706168b243', 'dari robi untuk shaula', '2021-01-05 16:37:27'),
('21c5d64f-5e2f-4a3d-9469-e76745358094', '94d2768c-e270-46dc-a089-8ef645866980', '12c71ec3-4f2b-4718-9864-ba4e4d53de6c', '15 27', '2021-01-04 08:27:57'),
('21fa5b82-b24c-4c6b-8697-3fc62505922b', '998c030f-954d-4dd2-94df-69cc0045fb82', '2f91f660-c6a0-4a37-91a4-84706168b243', 'jam 23 25', '2021-01-05 16:25:57'),
('23cc4b44-aeb5-4ed1-aefb-e80e6afdb760', '12c71ec3-4f2b-4718-9864-ba4e4d53de6c', '94d2768c-e270-46dc-a089-8ef645866980', 'aku jasmine', '2021-01-01 08:47:10'),
('24bb89d2-49e6-4093-b8c7-ad1be0ed7517', '94d2768c-e270-46dc-a089-8ef645866980', '12c71ec3-4f2b-4718-9864-ba4e4d53de6c', 'jam 10 06', '2021-01-04 03:06:32'),
('24cc56ab-e2d4-49ab-8653-1f003a053f52', '12c71ec3-4f2b-4718-9864-ba4e4d53de6c', '94d2768c-e270-46dc-a089-8ef645866980', 'sekarang hari jumat', '2021-01-01 08:40:59'),
('25000362-ad50-4794-9423-fd5bc32cc8f4', '94d2768c-e270-46dc-a089-8ef645866980', '12c71ec3-4f2b-4718-9864-ba4e4d53de6c', 'jam 12 54', '2021-01-04 17:54:03'),
('25d9959a-26be-4a47-92db-54a90b8e031e', '998c030f-954d-4dd2-94df-69cc0045fb82', '12c71ec3-4f2b-4718-9864-ba4e4d53de6c', 'jam 18 23', '2021-01-05 11:23:16'),
('26ec082d-b51b-48da-9f8a-092eba69fa03', '998c030f-954d-4dd2-94df-69cc0045fb82', '2f91f660-c6a0-4a37-91a4-84706168b243', 'jam 23 07', '2021-01-05 16:07:11'),
('27047a33-e547-4c33-99a8-b7ada89692dd', '12c71ec3-4f2b-4718-9864-ba4e4d53de6c', '94d2768c-e270-46dc-a089-8ef645866980', 'jam 10 09', '2021-01-04 03:09:47'),
('27350fc9-4373-4c6a-9ba5-294a7b1d549f', '12c71ec3-4f2b-4718-9864-ba4e4d53de6c', '998c030f-954d-4dd2-94df-69cc0045fb82', 'jam 19 26', '2021-01-05 12:26:05'),
('277c72bb-7321-437a-a661-4f506e4d9c5d', '94d2768c-e270-46dc-a089-8ef645866980', '12c71ec3-4f2b-4718-9864-ba4e4d53de6c', 'jam 13 03', '2021-01-04 06:04:01'),
('29c794d1-5317-4e9c-b845-8e5a41e30a8c', '998c030f-954d-4dd2-94df-69cc0045fb82', '2f91f660-c6a0-4a37-91a4-84706168b243', 'jam 21 02', '2021-01-05 14:02:03'),
('2a27650f-2716-4d57-b33e-46f6ea89179b', '998c030f-954d-4dd2-94df-69cc0045fb82', '12c71ec3-4f2b-4718-9864-ba4e4d53de6c', 'haloo', '2021-01-05 04:13:14'),
('2a4b7afd-56bd-4997-94f6-7834d0df9857', '94d2768c-e270-46dc-a089-8ef645866980', '12c71ec3-4f2b-4718-9864-ba4e4d53de6c', 'jam 14 53', '2021-01-04 07:53:49'),
('2a84d209-de17-44d3-b88f-b41a1fe04077', '998c030f-954d-4dd2-94df-69cc0045fb82', '2f91f660-c6a0-4a37-91a4-84706168b243', 'jam 22 45', '2021-01-05 15:45:42'),
('2b145906-ebbc-4eb7-ad57-0c3b16f99fbf', '94d2768c-e270-46dc-a089-8ef645866980', '12c71ec3-4f2b-4718-9864-ba4e4d53de6c', 'jam 12 02', '2021-01-04 05:02:10'),
('2b22f6e5-e7d1-4521-a3e7-6568d1c99aa7', '12c71ec3-4f2b-4718-9864-ba4e4d53de6c', '998c030f-954d-4dd2-94df-69cc0045fb82', 'jam 22 24', '2021-01-05 15:24:06'),
('2bc6decc-8a0c-4c4f-99c2-b1de7017440b', '2f91f660-c6a0-4a37-91a4-84706168b243', '12c71ec3-4f2b-4718-9864-ba4e4d53de6c', 'jam 2 08', '2021-01-03 19:08:27'),
('2bebc606-720f-4ef6-817f-e5a6ea3939fd', '998c030f-954d-4dd2-94df-69cc0045fb82', '12c71ec3-4f2b-4718-9864-ba4e4d53de6c', 'halooo', '2021-01-05 04:45:33'),
('2bf38da2-5906-4ff2-b155-a2637619028a', '998c030f-954d-4dd2-94df-69cc0045fb82', '12c71ec3-4f2b-4718-9864-ba4e4d53de6c', 'jam 18 25', '2021-01-05 11:25:38'),
('2c5652d7-58a9-4037-9888-949226d8f73b', '12c71ec3-4f2b-4718-9864-ba4e4d53de6c', '94d2768c-e270-46dc-a089-8ef645866980', 'aku juga baik baik aja', '2021-01-04 03:35:26'),
('2ca9eac0-4b44-4abb-8afa-d035b5547c2d', '94d2768c-e270-46dc-a089-8ef645866980', '12c71ec3-4f2b-4718-9864-ba4e4d53de6c', '12 28', '2021-01-04 05:28:23'),
('2cf1f21f-3859-4927-8c97-b9d22b760205', '94d2768c-e270-46dc-a089-8ef645866980', '12c71ec3-4f2b-4718-9864-ba4e4d53de6c', 'hai', '2020-12-31 06:31:39'),
('2e199602-5182-48b0-ba25-3e4e9bb3f49c', '998c030f-954d-4dd2-94df-69cc0045fb82', '12c71ec3-4f2b-4718-9864-ba4e4d53de6c', '21 53', '2021-01-05 14:53:28'),
('2ee8cf89-6ea3-44b8-940b-0eedbf72a9c3', '2f91f660-c6a0-4a37-91a4-84706168b243', '12c71ec3-4f2b-4718-9864-ba4e4d53de6c', 'hola', '2021-01-05 19:21:17'),
('2ef9a923-a879-414a-b1d5-539888a43d02', '12c71ec3-4f2b-4718-9864-ba4e4d53de6c', '94d2768c-e270-46dc-a089-8ef645866980', 'jam 13 09', '2021-01-04 06:09:41'),
('2f980509-6c11-43d7-a9da-406aeca5a105', '998c030f-954d-4dd2-94df-69cc0045fb82', '2f91f660-c6a0-4a37-91a4-84706168b243', 'jam 22 04', '2021-01-05 15:04:20'),
('306a5e76-32ba-40ef-a316-62e71144fff4', '94d2768c-e270-46dc-a089-8ef645866980', '12c71ec3-4f2b-4718-9864-ba4e4d53de6c', 'jam 12 50', '2021-01-04 05:50:05'),
('30e5d1ac-dd08-4841-9318-8d1a760f3402', '12c71ec3-4f2b-4718-9864-ba4e4d53de6c', '94d2768c-e270-46dc-a089-8ef645866980', 'jam 12 54', '2021-01-04 05:54:09'),
('31dffcd8-2f00-4952-b0ec-4eb123c120fe', '94d2768c-e270-46dc-a089-8ef645866980', '12c71ec3-4f2b-4718-9864-ba4e4d53de6c', '13 26', '2021-01-04 06:26:26'),
('33809399-f328-4384-b703-8f0fb715d984', '94d2768c-e270-46dc-a089-8ef645866980', '12c71ec3-4f2b-4718-9864-ba4e4d53de6c', 'jam 19 09', '2021-01-03 12:09:36'),
('341d09ab-0206-45c2-924e-48144a837516', '94d2768c-e270-46dc-a089-8ef645866980', '12c71ec3-4f2b-4718-9864-ba4e4d53de6c', 'jam 10 26', '2021-01-04 03:26:30'),
('3487168b-d09f-4c33-ae93-8566d4884ac4', '2f91f660-c6a0-4a37-91a4-84706168b243', '12c71ec3-4f2b-4718-9864-ba4e4d53de6c', 'jam 23 29', '2021-01-03 16:29:33'),
('35a38967-bf8c-447a-bb90-5b0e57fd7891', '12c71ec3-4f2b-4718-9864-ba4e4d53de6c', '998c030f-954d-4dd2-94df-69cc0045fb82', 'jam 22 21', '2021-01-05 15:21:38'),
('35e9e6af-570c-4cd5-9e83-549081e45848', '12c71ec3-4f2b-4718-9864-ba4e4d53de6c', '2f91f660-c6a0-4a37-91a4-84706168b243', 'dari robi jam 17 28', '2021-01-05 10:28:14'),
('365791ba-b9e6-49f1-8a7f-7374f96cc457', '998c030f-954d-4dd2-94df-69cc0045fb82', '12c71ec3-4f2b-4718-9864-ba4e4d53de6c', 'halo', '2021-01-05 08:22:23'),
('37132208-220f-4518-bbf0-5c34fcf202f8', '998c030f-954d-4dd2-94df-69cc0045fb82', '2f91f660-c6a0-4a37-91a4-84706168b243', 'jam 23 08', '2021-01-05 16:08:02'),
('3771af87-4c4a-4b05-a501-854eab190e91', '2f91f660-c6a0-4a37-91a4-84706168b243', '12c71ec3-4f2b-4718-9864-ba4e4d53de6c', 'hallo', '2021-01-03 16:39:34'),
('39764f50-7c1c-4ad9-8951-f3c5995036ec', '998c030f-954d-4dd2-94df-69cc0045fb82', '2f91f660-c6a0-4a37-91a4-84706168b243', 'jam 21 12', '2021-01-05 14:12:01'),
('3ac5d679-2834-4805-acb0-d0afb5426715', '2f91f660-c6a0-4a37-91a4-84706168b243', '12c71ec3-4f2b-4718-9864-ba4e4d53de6c', 'robi', '2021-02-03 08:25:05'),
('3ae4f61c-25ef-4d2a-8caa-cb1dda05b116', '998c030f-954d-4dd2-94df-69cc0045fb82', '2f91f660-c6a0-4a37-91a4-84706168b243', 'jam 22 51', '2021-01-05 15:51:24'),
('3b09b340-e489-4a6b-bce6-5dd0fbda4532', '94d2768c-e270-46dc-a089-8ef645866980', '12c71ec3-4f2b-4718-9864-ba4e4d53de6c', 'jam 10 03', '2021-01-04 03:03:53'),
('3b3056b5-d930-47d1-9dd8-3275815a6a0f', '12c71ec3-4f2b-4718-9864-ba4e4d53de6c', '94d2768c-e270-46dc-a089-8ef645866980', 'jam 12 55', '2021-01-04 05:55:36'),
('3c64cb7d-0e4b-43e9-ac25-1b81cafb5b80', '94d2768c-e270-46dc-a089-8ef645866980', '12c71ec3-4f2b-4718-9864-ba4e4d53de6c', 'hai', '2021-01-01 09:11:26'),
('3d21e50c-16ab-4b06-8800-0c7a31e7a4e7', '12c71ec3-4f2b-4718-9864-ba4e4d53de6c', '998c030f-954d-4dd2-94df-69cc0045fb82', 'jam 19 30', '2021-01-05 12:30:23'),
('3d8bf374-ead9-48ad-ab9f-9928a3ed3d3e', '12c71ec3-4f2b-4718-9864-ba4e4d53de6c', '94d2768c-e270-46dc-a089-8ef645866980', 'holaaa', '2021-01-01 11:54:12'),
('3db1b8d0-81c0-4c51-98dc-35c60df29d09', '12c71ec3-4f2b-4718-9864-ba4e4d53de6c', '94d2768c-e270-46dc-a089-8ef645866980', 'aku sibuk', '2021-01-01 08:51:07'),
('3f543a2c-214c-4729-a9cf-cbdc3855198b', '12c71ec3-4f2b-4718-9864-ba4e4d53de6c', '998c030f-954d-4dd2-94df-69cc0045fb82', 'jam 23 10', '2021-01-05 16:10:42'),
('3f8aa054-2888-494f-942b-18a5144ee672', '998c030f-954d-4dd2-94df-69cc0045fb82', '12c71ec3-4f2b-4718-9864-ba4e4d53de6c', 'jam 20 18', '2021-01-05 13:18:10'),
('40127bad-7dc0-4ba8-9a3a-6205067e1eba', '94d2768c-e270-46dc-a089-8ef645866980', '12c71ec3-4f2b-4718-9864-ba4e4d53de6c', 'siang', '2021-01-04 06:26:42'),
('40cfed3f-4b49-4f20-a1f4-db0320dabe0a', '94d2768c-e270-46dc-a089-8ef645866980', '2f91f660-c6a0-4a37-91a4-84706168b243', 'jam 2 20 jasmine', '2021-01-03 19:20:58'),
('414decc6-60c3-4f3e-bbef-fce7ba5a97e7', '12c71ec3-4f2b-4718-9864-ba4e4d53de6c', '2f91f660-c6a0-4a37-91a4-84706168b243', 'jam 2 25', '2021-01-03 19:25:10'),
('4251d2b0-3bae-41b8-98fd-ee4a08845ea1', '12c71ec3-4f2b-4718-9864-ba4e4d53de6c', '94d2768c-e270-46dc-a089-8ef645866980', 'halooooooooooooooo', '2021-01-04 08:58:37'),
('437702c6-e216-4348-bdaa-1852d7a05e6f', '12c71ec3-4f2b-4718-9864-ba4e4d53de6c', '94d2768c-e270-46dc-a089-8ef645866980', 'jam 6 44', '2021-01-03 11:44:43'),
('43cca6cc-df86-42fc-9408-90635178827b', '2f91f660-c6a0-4a37-91a4-84706168b243', '12c71ec3-4f2b-4718-9864-ba4e4d53de6c', 'sekarang malam', '2020-12-29 11:37:55'),
('440abf31-6b07-49f7-ac84-e08617233236', '998c030f-954d-4dd2-94df-69cc0045fb82', '2f91f660-c6a0-4a37-91a4-84706168b243', 'halo shau aku robi', '2021-01-05 16:49:49'),
('44311f4b-fda3-4b85-8b1e-e3f059bf2213', '2f91f660-c6a0-4a37-91a4-84706168b243', '12c71ec3-4f2b-4718-9864-ba4e4d53de6c', 'aku shaula', '2020-12-29 07:28:38'),
('44f3e987-5578-4179-b218-2207e6e45bc1', '998c030f-954d-4dd2-94df-69cc0045fb82', '2f91f660-c6a0-4a37-91a4-84706168b243', 'jam 20 33', '2021-01-05 13:33:40'),
('451201a5-0b36-42c7-81d2-e7f9fae4d531', '12c71ec3-4f2b-4718-9864-ba4e4d53de6c', '2f91f660-c6a0-4a37-91a4-84706168b243', 'jam 048', '2021-01-03 17:48:55'),
('451412c3-213b-4933-80c8-cac4c6948f9e', '998c030f-954d-4dd2-94df-69cc0045fb82', '12c71ec3-4f2b-4718-9864-ba4e4d53de6c', 'holaa', '2021-01-05 04:57:26'),
('451cb3fe-3e1f-4251-bf26-5d8631216c24', '94d2768c-e270-46dc-a089-8ef645866980', '12c71ec3-4f2b-4718-9864-ba4e4d53de6c', 'jasmine', '2020-12-29 19:07:10'),
('45f5226f-3c99-4475-ae1d-ecb0a00ea08f', '12c71ec3-4f2b-4718-9864-ba4e4d53de6c', '2f91f660-c6a0-4a37-91a4-84706168b243', 'jam 21 03', '2021-01-05 14:03:07'),
('4635017d-819f-4dae-9450-acfb42ad82bb', '12c71ec3-4f2b-4718-9864-ba4e4d53de6c', '998c030f-954d-4dd2-94df-69cc0045fb82', 'hai', '2021-01-05 04:57:38'),
('4776e49e-864d-4fd9-84c5-7c1cb14bfbef', '12c71ec3-4f2b-4718-9864-ba4e4d53de6c', '94d2768c-e270-46dc-a089-8ef645866980', '15 34', '2021-01-04 08:34:31'),
('47df3110-e303-4e6b-9701-3baeb90bf948', '998c030f-954d-4dd2-94df-69cc0045fb82', '12c71ec3-4f2b-4718-9864-ba4e4d53de6c', 'jam 18 59', '2021-01-05 11:59:50'),
('48185610-214d-4346-8fb2-bfe0b2fa7685', '12c71ec3-4f2b-4718-9864-ba4e4d53de6c', '998c030f-954d-4dd2-94df-69cc0045fb82', 'halo', '2021-01-05 08:30:45'),
('4828ec1d-f508-426a-9bf7-94788f400c53', '12c71ec3-4f2b-4718-9864-ba4e4d53de6c', '2f91f660-c6a0-4a37-91a4-84706168b243', 'hai shaula', '2021-01-05 13:43:32'),
('48e55a35-2229-4560-870e-05caf8e3996f', '12c71ec3-4f2b-4718-9864-ba4e4d53de6c', '94d2768c-e270-46dc-a089-8ef645866980', 'sekarang hari senin', '2021-01-04 03:34:29'),
('4986d0a4-053b-4117-804f-4375544c5d2e', '12c71ec3-4f2b-4718-9864-ba4e4d53de6c', '94d2768c-e270-46dc-a089-8ef645866980', 'jam 12 37', '2021-01-04 05:37:30'),
('4ad6688d-f412-49ec-b050-44f2fc619230', '12c71ec3-4f2b-4718-9864-ba4e4d53de6c', '94d2768c-e270-46dc-a089-8ef645866980', 'halo', '2021-01-04 17:51:36'),
('4af51cc4-34d4-4cfd-99b8-bf99d43d2277', '998c030f-954d-4dd2-94df-69cc0045fb82', '12c71ec3-4f2b-4718-9864-ba4e4d53de6c', 'halo', '2021-01-05 04:08:11'),
('4aff84e7-91d4-4f16-88fc-9e828f951452', '2f91f660-c6a0-4a37-91a4-84706168b243', '12c71ec3-4f2b-4718-9864-ba4e4d53de6c', 'jam 2 05', '2021-01-03 19:06:01'),
('4b7d87d0-69e0-40f7-b6a1-f589513bda2d', '998c030f-954d-4dd2-94df-69cc0045fb82', '12c71ec3-4f2b-4718-9864-ba4e4d53de6c', 'jam 22 29', '2021-01-05 15:29:02'),
('4c51fadb-3585-4a14-a8e1-768b6d9f7c22', '998c030f-954d-4dd2-94df-69cc0045fb82', '12c71ec3-4f2b-4718-9864-ba4e4d53de6c', 'jam 18 18', '2021-01-05 11:18:19'),
('4dd61fe8-e33b-475d-b462-f52569b69541', '998c030f-954d-4dd2-94df-69cc0045fb82', '12c71ec3-4f2b-4718-9864-ba4e4d53de6c', 'jam 21 01', '2021-01-05 14:01:08'),
('4e7c25de-98e9-43d3-9b5c-cee5f61e9008', '12c71ec3-4f2b-4718-9864-ba4e4d53de6c', '998c030f-954d-4dd2-94df-69cc0045fb82', 'jam 23 22', '2021-01-05 16:22:08'),
('4f4d6289-835e-4ce5-9cdb-0fb246c3fa51', '12c71ec3-4f2b-4718-9864-ba4e4d53de6c', '998c030f-954d-4dd2-94df-69cc0045fb82', 'jam 22 18', '2021-01-05 15:18:27'),
('4f9edd4b-7162-4ada-9673-849bbb3692ce', '94d2768c-e270-46dc-a089-8ef645866980', '12c71ec3-4f2b-4718-9864-ba4e4d53de6c', 'halo', '2020-12-29 19:06:58'),
('50a2e7b4-0c44-45b3-86ec-085428d4ee66', '12c71ec3-4f2b-4718-9864-ba4e4d53de6c', '998c030f-954d-4dd2-94df-69cc0045fb82', 'jam 22 26', '2021-01-05 15:26:26'),
('50cbb6cf-3d75-4677-ad04-b203dd095643', '998c030f-954d-4dd2-94df-69cc0045fb82', '12c71ec3-4f2b-4718-9864-ba4e4d53de6c', 'jam 23 49', '2021-01-05 16:49:02'),
('50ea1453-d4b1-4ab1-a093-b9fcc71d40b9', '12c71ec3-4f2b-4718-9864-ba4e4d53de6c', '94d2768c-e270-46dc-a089-8ef645866980', 'besokhari sabtu', '2021-01-01 08:44:46'),
('512bf40a-58eb-40a9-85ca-73678af13103', '94d2768c-e270-46dc-a089-8ef645866980', '12c71ec3-4f2b-4718-9864-ba4e4d53de6c', 'halloo', '2020-12-29 19:06:20'),
('5163d5d9-1edd-4392-9923-835f2228c163', '2f91f660-c6a0-4a37-91a4-84706168b243', '12c71ec3-4f2b-4718-9864-ba4e4d53de6c', 'jam 120', '2021-01-03 18:20:27'),
('51b0779c-f7fc-412e-bc78-a5123aa543b1', '12c71ec3-4f2b-4718-9864-ba4e4d53de6c', '998c030f-954d-4dd2-94df-69cc0045fb82', 'jam 20 12', '2021-01-05 13:12:55'),
('52313335-3cd1-4185-81e0-9a9170241a28', '94d2768c-e270-46dc-a089-8ef645866980', '12c71ec3-4f2b-4718-9864-ba4e4d53de6c', 'halo', '2021-01-01 09:11:43'),
('54625262-b457-45a6-aa91-ebe1bd6b7fe8', '998c030f-954d-4dd2-94df-69cc0045fb82', '2f91f660-c6a0-4a37-91a4-84706168b243', 'jam 22 00', '2021-01-05 15:00:04'),
('546d7035-b402-4ec8-9f46-4267e92c2449', '998c030f-954d-4dd2-94df-69cc0045fb82', '12c71ec3-4f2b-4718-9864-ba4e4d53de6c', 'jam 23 43', '2021-01-05 16:43:55'),
('562bf6e1-f4a0-498c-b670-42ef4fba319e', '2f91f660-c6a0-4a37-91a4-84706168b243', '12c71ec3-4f2b-4718-9864-ba4e4d53de6c', 'sekarang hari selasa', '2020-12-29 11:41:29'),
('564d9371-14f0-4450-a58a-5529472a166d', '2f91f660-c6a0-4a37-91a4-84706168b243', '12c71ec3-4f2b-4718-9864-ba4e4d53de6c', 'hallo', '2020-12-29 12:37:02'),
('5655e4d8-4ac7-46f3-8fb4-6bab30d0eddc', '12c71ec3-4f2b-4718-9864-ba4e4d53de6c', '998c030f-954d-4dd2-94df-69cc0045fb82', 'jam 21 59', '2021-01-05 14:59:22'),
('566f1028-48b2-4847-8d31-48e4b81c6640', '94d2768c-e270-46dc-a089-8ef645866980', '12c71ec3-4f2b-4718-9864-ba4e4d53de6c', 'jam 12 58', '2021-01-04 05:58:21'),
('57797722-cc6d-4a3a-8cda-ad703d549e26', '94d2768c-e270-46dc-a089-8ef645866980', '12c71ec3-4f2b-4718-9864-ba4e4d53de6c', 'halo', '2021-01-05 11:35:34'),
('59199ae8-48a8-479d-a64d-887a69a2673d', '998c030f-954d-4dd2-94df-69cc0045fb82', '2f91f660-c6a0-4a37-91a4-84706168b243', 'dari robi', '2021-01-05 16:28:35'),
('59328f55-2fb0-4cfc-9c27-7bda5f984f35', '12c71ec3-4f2b-4718-9864-ba4e4d53de6c', '94d2768c-e270-46dc-a089-8ef645866980', 'hai', '2021-01-01 08:22:22'),
('59bd5506-6d0c-489f-8d3b-25036ec7e528', '94d2768c-e270-46dc-a089-8ef645866980', '12c71ec3-4f2b-4718-9864-ba4e4d53de6c', 'ohh gitu', '2021-01-04 03:34:40'),
('59e3a891-a94c-4197-a27c-7550265ae9cc', '12c71ec3-4f2b-4718-9864-ba4e4d53de6c', '94d2768c-e270-46dc-a089-8ef645866980', 'jam set 7 lewat 4', '2021-01-03 11:34:58'),
('5ae75931-5d25-48c9-8c14-a0af6fe23dcb', '12c71ec3-4f2b-4718-9864-ba4e4d53de6c', '94d2768c-e270-46dc-a089-8ef645866980', 'halo', '2021-01-04 09:18:33'),
('5b5408e4-208e-4be0-a1f5-9f23f25a09e4', '12c71ec3-4f2b-4718-9864-ba4e4d53de6c', '998c030f-954d-4dd2-94df-69cc0045fb82', 'jam 23 09', '2021-01-05 16:09:39'),
('5c2bc99b-54d5-422a-989c-415d05329e6b', '94d2768c-e270-46dc-a089-8ef645866980', '12c71ec3-4f2b-4718-9864-ba4e4d53de6c', 'kalo kamu?', '2021-01-04 03:35:16'),
('5c8be598-5ab1-47cf-a47f-7e5dacd51b94', '94d2768c-e270-46dc-a089-8ef645866980', '12c71ec3-4f2b-4718-9864-ba4e4d53de6c', 'hai', '2021-01-04 11:30:46'),
('5c8f0027-5ad7-4fbb-9d38-7d7dd1dedecd', '94d2768c-e270-46dc-a089-8ef645866980', '12c71ec3-4f2b-4718-9864-ba4e4d53de6c', 'halo', '2021-01-01 09:14:12'),
('5fa11b68-623c-4b18-ba11-5d697ad166cc', '12c71ec3-4f2b-4718-9864-ba4e4d53de6c', '94d2768c-e270-46dc-a089-8ef645866980', 'halo aku jasmine', '2021-01-01 08:29:15'),
('5ff92241-8d93-4a3b-a885-bba8d012c3a6', '12c71ec3-4f2b-4718-9864-ba4e4d53de6c', '998c030f-954d-4dd2-94df-69cc0045fb82', 'dari shau', '2021-01-05 15:15:40'),
('62a2fd89-4ed3-4640-8eb6-03ae06a3301c', '2f91f660-c6a0-4a37-91a4-84706168b243', '12c71ec3-4f2b-4718-9864-ba4e4d53de6c', 'haloooooooooooooooooooooooooo', '2021-01-03 17:25:24'),
('636b9000-a77b-4b55-b23a-c6104df9cc65', '12c71ec3-4f2b-4718-9864-ba4e4d53de6c', '998c030f-954d-4dd2-94df-69cc0045fb82', 'jam 22 50', '2021-01-05 15:50:52'),
('64cc4edb-8b56-4844-ba06-c54adce26ed2', '2f91f660-c6a0-4a37-91a4-84706168b243', '12c71ec3-4f2b-4718-9864-ba4e4d53de6c', 'jam 2 02', '2021-01-03 19:02:18'),
('6540f25a-3c55-4834-8289-469274f0e186', '998c030f-954d-4dd2-94df-69cc0045fb82', '12c71ec3-4f2b-4718-9864-ba4e4d53de6c', 'hai', '2021-01-05 07:49:17'),
('65674047-498f-4cd3-a2b8-ba96fe0d670a', '12c71ec3-4f2b-4718-9864-ba4e4d53de6c', '998c030f-954d-4dd2-94df-69cc0045fb82', 'haii', '2021-01-05 05:06:19'),
('656c3403-0348-49b1-80bf-9166c6d6b231', '2f91f660-c6a0-4a37-91a4-84706168b243', '12c71ec3-4f2b-4718-9864-ba4e4d53de6c', 'oi', '2021-02-02 16:25:41'),
('65f91576-884a-460b-8a2a-abc2afc9853c', '12c71ec3-4f2b-4718-9864-ba4e4d53de6c', '94d2768c-e270-46dc-a089-8ef645866980', '19 24', '2021-01-03 12:24:06'),
('664d8c78-158b-400f-b5f1-85f631e6edbb', '94d2768c-e270-46dc-a089-8ef645866980', '12c71ec3-4f2b-4718-9864-ba4e4d53de6c', 'jam 13 12', '2021-01-04 06:12:59'),
('6662ad0b-addb-4590-9e1a-2834029fb9ea', '94d2768c-e270-46dc-a089-8ef645866980', '12c71ec3-4f2b-4718-9864-ba4e4d53de6c', 'halo', '2021-01-04 11:28:31'),
('6758ba38-c45c-4ff5-8cf5-6e6daef310a0', '998c030f-954d-4dd2-94df-69cc0045fb82', '12c71ec3-4f2b-4718-9864-ba4e4d53de6c', 'jam 18 28', '2021-01-05 11:28:47'),
('67fd66b2-f885-4484-af8f-604a1ee9954f', '998c030f-954d-4dd2-94df-69cc0045fb82', '2f91f660-c6a0-4a37-91a4-84706168b243', 'halo ', '2021-01-05 12:01:06'),
('6844100c-dad4-4b84-a553-9b9dd8cb0f70', '12c71ec3-4f2b-4718-9864-ba4e4d53de6c', '94d2768c-e270-46dc-a089-8ef645866980', 'jam 10 08', '2021-01-04 03:08:25'),
('68860c00-7635-4be5-80e3-307f1f8e0066', '94d2768c-e270-46dc-a089-8ef645866980', '12c71ec3-4f2b-4718-9864-ba4e4d53de6c', 'hai aku shaula', '2021-01-01 08:21:44'),
('6a044075-3f24-49a7-a001-0937be448bba', '998c030f-954d-4dd2-94df-69cc0045fb82', '12c71ec3-4f2b-4718-9864-ba4e4d53de6c', 'haloo', '2021-01-05 08:30:31'),
('6a11bb65-de07-4a9a-b02b-d1fe0c04301a', '12c71ec3-4f2b-4718-9864-ba4e4d53de6c', '2f91f660-c6a0-4a37-91a4-84706168b243', 'jam 0 26', '2021-01-03 17:26:31'),
('6abda383-2568-4c0c-9d34-7b75d6fe7e80', '2f91f660-c6a0-4a37-91a4-84706168b243', '12c71ec3-4f2b-4718-9864-ba4e4d53de6c', 'jam 2 58', '2021-01-03 19:58:10'),
('6bae0bb6-a4ba-4dec-8215-b438ccf9d2e3', '12c71ec3-4f2b-4718-9864-ba4e4d53de6c', '2f91f660-c6a0-4a37-91a4-84706168b243', 'jam 040', '2021-01-03 17:40:38'),
('6bee8129-35f4-4499-98eb-94e4828c5273', '12c71ec3-4f2b-4718-9864-ba4e4d53de6c', '94d2768c-e270-46dc-a089-8ef645866980', 'haloooooooooooooooooooooooooooooooooooooo', '2021-01-04 09:19:09'),
('6ca3e99a-aaa0-40dc-b4f5-212f94eed3f7', '12c71ec3-4f2b-4718-9864-ba4e4d53de6c', '94d2768c-e270-46dc-a089-8ef645866980', 'pagi juga shaula', '2021-01-04 03:34:03'),
('6cda482d-3dac-4acf-a694-a2d046c42648', '2f91f660-c6a0-4a37-91a4-84706168b243', '12c71ec3-4f2b-4718-9864-ba4e4d53de6c', 'haloo', '2021-01-03 16:37:08'),
('6d9893dd-bec0-4864-a978-884807baa2fd', '12c71ec3-4f2b-4718-9864-ba4e4d53de6c', '94d2768c-e270-46dc-a089-8ef645866980', 'jam 12 58', '2021-01-04 05:58:03'),
('6dfba2ba-39c8-419c-9912-123ecb9acbb2', '998c030f-954d-4dd2-94df-69cc0045fb82', '12c71ec3-4f2b-4718-9864-ba4e4d53de6c', 'halooo', '2021-01-05 08:31:45'),
('6eff16e0-d4c3-4cc1-941d-edf4dea4d0fd', '12c71ec3-4f2b-4718-9864-ba4e4d53de6c', '2f91f660-c6a0-4a37-91a4-84706168b243', 'dari robi jam 17 30', '2021-01-05 10:30:04'),
('70605f1d-70f1-4c26-8171-627d5784f8c0', '12c71ec3-4f2b-4718-9864-ba4e4d53de6c', '998c030f-954d-4dd2-94df-69cc0045fb82', 'dari shau untuk shaula', '2021-01-05 12:27:41'),
('70765123-d8e3-4d62-a15e-a945b89e4a42', '12c71ec3-4f2b-4718-9864-ba4e4d53de6c', '94d2768c-e270-46dc-a089-8ef645866980', '19 20', '2021-01-03 12:20:22'),
('70ddeb0e-c9ab-4f4f-8ad3-c64ec5208de0', '998c030f-954d-4dd2-94df-69cc0045fb82', '2f91f660-c6a0-4a37-91a4-84706168b243', 'OI', '2021-01-05 16:12:59'),
('714ab69d-e89e-4973-bb8a-d713727cf77c', '12c71ec3-4f2b-4718-9864-ba4e4d53de6c', '2f91f660-c6a0-4a37-91a4-84706168b243', 'halo shaula aku robi', '2021-01-05 16:50:30'),
('71a705c7-34cb-493d-bd7a-7a3d5e2b7b9f', '12c71ec3-4f2b-4718-9864-ba4e4d53de6c', '998c030f-954d-4dd2-94df-69cc0045fb82', 'hola', '2021-01-05 15:13:11'),
('7213dd3b-420a-46dd-a45d-58652a62bff9', '12c71ec3-4f2b-4718-9864-ba4e4d53de6c', '94d2768c-e270-46dc-a089-8ef645866980', 'jam 10 27', '2021-01-04 03:27:47'),
('7226c957-997e-4f36-8c5b-fd60e950720a', '2f91f660-c6a0-4a37-91a4-84706168b243', '12c71ec3-4f2b-4718-9864-ba4e4d53de6c', 'malamm', '2020-12-29 12:46:24'),
('724d44ed-8a96-4252-877b-2ecd67db3592', '12c71ec3-4f2b-4718-9864-ba4e4d53de6c', '998c030f-954d-4dd2-94df-69cc0045fb82', 'jam 16 35', '2021-01-05 09:35:19'),
('74e3a3ae-450a-4059-ba7a-68f85a88b018', '12c71ec3-4f2b-4718-9864-ba4e4d53de6c', '94d2768c-e270-46dc-a089-8ef645866980', 'jam 10 12', '2021-01-04 03:12:53'),
('74fd95aa-470a-4c8b-acaa-3edaa4083915', '12c71ec3-4f2b-4718-9864-ba4e4d53de6c', '94d2768c-e270-46dc-a089-8ef645866980', 'jam 12 52', '2021-01-04 17:52:02'),
('762ba5d1-04f8-46d2-9f56-82645aa3ad39', '94d2768c-e270-46dc-a089-8ef645866980', '12c71ec3-4f2b-4718-9864-ba4e4d53de6c', 'haloo', '2021-01-04 08:55:22'),
('77a76cc6-2b51-47e5-aaad-668ebab4220c', '2f91f660-c6a0-4a37-91a4-84706168b243', '12c71ec3-4f2b-4718-9864-ba4e4d53de6c', 'halooooooo', '2021-01-03 17:25:41'),
('78b8ae4f-73f3-4867-9848-62d91d51f97d', '94d2768c-e270-46dc-a089-8ef645866980', '12c71ec3-4f2b-4718-9864-ba4e4d53de6c', 'jam 12 36', '2021-01-04 05:36:51'),
('78cf9618-2dce-43aa-9671-80bf08fb473d', '998c030f-954d-4dd2-94df-69cc0045fb82', '12c71ec3-4f2b-4718-9864-ba4e4d53de6c', 'jam 21 10', '2021-01-05 14:10:27'),
('7901373c-1674-40ea-97d5-a45963c54567', '2f91f660-c6a0-4a37-91a4-84706168b243', '12c71ec3-4f2b-4718-9864-ba4e4d53de6c', 'haloooo', '2021-01-03 17:12:24'),
('790cde75-6aab-4db7-969e-c12dca6f9b01', '2f91f660-c6a0-4a37-91a4-84706168b243', '12c71ec3-4f2b-4718-9864-ba4e4d53de6c', 'jam 101', '2021-01-03 18:01:32'),
('790f6587-aa90-444a-a984-568478db15c2', '94d2768c-e270-46dc-a089-8ef645866980', '12c71ec3-4f2b-4718-9864-ba4e4d53de6c', 'jam 13 21', '2021-01-04 06:21:45'),
('79191540-ad58-4bbc-a730-75b595c5ca4c', '94d2768c-e270-46dc-a089-8ef645866980', '12c71ec3-4f2b-4718-9864-ba4e4d53de6c', 'sekarang jam 10 33', '2021-01-04 03:33:43'),
('7a0fa252-88c9-436e-8eb9-9f3676b26f2b', '2f91f660-c6a0-4a37-91a4-84706168b243', '12c71ec3-4f2b-4718-9864-ba4e4d53de6c', 'hai', '2021-01-04 16:54:23'),
('7bc6e8f4-1e18-4429-8487-dd6ad3d47489', '998c030f-954d-4dd2-94df-69cc0045fb82', '2f91f660-c6a0-4a37-91a4-84706168b243', 'hol', '2021-01-05 16:12:52'),
('7be286dd-76f7-41a1-9fff-69f108a1caba', '12c71ec3-4f2b-4718-9864-ba4e4d53de6c', '94d2768c-e270-46dc-a089-8ef645866980', 'halo', '2021-01-01 08:29:52'),
('7cc64e3b-e571-4e39-9c31-f0f50eb2a22b', '12c71ec3-4f2b-4718-9864-ba4e4d53de6c', '94d2768c-e270-46dc-a089-8ef645866980', 'hai', '2021-01-04 11:28:55'),
('7e049fea-0aea-41f5-a5c8-59a5b8a75015', '12c71ec3-4f2b-4718-9864-ba4e4d53de6c', '998c030f-954d-4dd2-94df-69cc0045fb82', 'jam 22 15', '2021-01-05 15:15:22'),
('7e088472-7869-4a81-bcf8-49e1fa3c44a6', '12c71ec3-4f2b-4718-9864-ba4e4d53de6c', '2f91f660-c6a0-4a37-91a4-84706168b243', 'halo', '2021-01-04 08:04:15'),
('7e5f0635-5574-49a6-bf2f-625394513609', '998c030f-954d-4dd2-94df-69cc0045fb82', '2f91f660-c6a0-4a37-91a4-84706168b243', 'hola', '2021-01-05 16:11:28'),
('7f0aa833-bd53-4a16-99cf-074ed04b1e99', '998c030f-954d-4dd2-94df-69cc0045fb82', '12c71ec3-4f2b-4718-9864-ba4e4d53de6c', 'hola', '2021-01-05 04:47:43'),
('7f587259-6221-4e8e-8860-255af7ee4799', '2f91f660-c6a0-4a37-91a4-84706168b243', '94d2768c-e270-46dc-a089-8ef645866980', 'haiiiiiiiiiiiiiii', '2021-01-01 12:01:30'),
('804574da-69ec-4eb2-9bc4-7a91624acacd', '998c030f-954d-4dd2-94df-69cc0045fb82', '12c71ec3-4f2b-4718-9864-ba4e4d53de6c', 'jam 2009', '2021-02-03 13:09:26'),
('81b5734a-b6bb-4c6b-89b6-6af6249ef13d', '12c71ec3-4f2b-4718-9864-ba4e4d53de6c', '94d2768c-e270-46dc-a089-8ef645866980', 'jam 12 49', '2021-01-04 05:49:08'),
('82a0839f-e75c-436e-b665-da10b9514434', '94d2768c-e270-46dc-a089-8ef645866980', '12c71ec3-4f2b-4718-9864-ba4e4d53de6c', 'pagi jasmine', '2021-01-04 03:33:55'),
('835410b5-4ad0-41fe-bc95-d89fc007c2d5', '998c030f-954d-4dd2-94df-69cc0045fb82', '2f91f660-c6a0-4a37-91a4-84706168b243', 'jam 21 15', '2021-01-05 14:15:39'),
('83608d8b-2d56-4a22-8e89-3437b06f4e0c', '12c71ec3-4f2b-4718-9864-ba4e4d53de6c', '2f91f660-c6a0-4a37-91a4-84706168b243', 'jam 0 06', '2021-01-03 17:06:48'),
('83cf07c4-e687-4973-bf7b-9f0f55c30743', '998c030f-954d-4dd2-94df-69cc0045fb82', '2f91f660-c6a0-4a37-91a4-84706168b243', 'hai shau', '2021-01-05 13:42:43'),
('83df9762-b391-4209-a6c6-199d818b96b6', '94d2768c-e270-46dc-a089-8ef645866980', '12c71ec3-4f2b-4718-9864-ba4e4d53de6c', 'jam 12 48', '2021-01-04 05:48:37'),
('840f2d7b-156a-452a-b53b-3a0267f73ae5', '94d2768c-e270-46dc-a089-8ef645866980', '12c71ec3-4f2b-4718-9864-ba4e4d53de6c', 'jam 13 09', '2021-01-04 06:09:28'),
('8426485a-67fc-44e1-a52a-87703632246e', '2f91f660-c6a0-4a37-91a4-84706168b243', '12c71ec3-4f2b-4718-9864-ba4e4d53de6c', 'jam 2 01', '2021-01-03 19:01:15'),
('8438d2bb-f3e5-467a-8b45-5eca382e73dd', '12c71ec3-4f2b-4718-9864-ba4e4d53de6c', '998c030f-954d-4dd2-94df-69cc0045fb82', 'jam 23 48', '2021-01-05 16:48:24'),
('8528a8e0-7da3-45ec-ad67-4d269c1d9302', '998c030f-954d-4dd2-94df-69cc0045fb82', '12c71ec3-4f2b-4718-9864-ba4e4d53de6c', 'jam 19 16', '2021-01-05 12:16:38'),
('857c017b-e6ce-4c70-877f-01ea9c9d4af1', '12c71ec3-4f2b-4718-9864-ba4e4d53de6c', '94d2768c-e270-46dc-a089-8ef645866980', 'haloooo', '2021-01-04 08:35:24'),
('85a915c2-4229-43ac-8719-074f8a98586d', '12c71ec3-4f2b-4718-9864-ba4e4d53de6c', '998c030f-954d-4dd2-94df-69cc0045fb82', 'hai', '2021-01-05 05:40:47'),
('85d1109d-bc80-499b-a453-c3200215d5a0', '998c030f-954d-4dd2-94df-69cc0045fb82', '2f91f660-c6a0-4a37-91a4-84706168b243', 'jam 23 11', '2021-01-05 16:11:12'),
('867de760-a431-497e-ad7f-d394ab789057', '2f91f660-c6a0-4a37-91a4-84706168b243', '998c030f-954d-4dd2-94df-69cc0045fb82', 'hai', '2021-02-02 17:59:57'),
('8835a6be-5f96-4b18-ba7b-eb02cac61f3f', '12c71ec3-4f2b-4718-9864-ba4e4d53de6c', '2f91f660-c6a0-4a37-91a4-84706168b243', 'jam 2 20', '2021-01-03 19:20:38'),
('88896b7e-0208-4b26-a0df-07b134f3c1f9', '12c71ec3-4f2b-4718-9864-ba4e4d53de6c', '998c030f-954d-4dd2-94df-69cc0045fb82', 'hai', '2021-01-05 15:08:08'),
('88e42d96-6d52-4f1e-b5e7-0525e4734a0e', '94d2768c-e270-46dc-a089-8ef645866980', '2f91f660-c6a0-4a37-91a4-84706168b243', 'hai jasmine', '2021-01-03 19:09:39'),
('893a44f2-e518-45f2-ab81-4c8c676fc288', '94d2768c-e270-46dc-a089-8ef645866980', '12c71ec3-4f2b-4718-9864-ba4e4d53de6c', 'jam 14 24', '2021-01-04 07:24:50'),
('8a62cc94-5b03-4f01-931f-a830e10f568a', '2f91f660-c6a0-4a37-91a4-84706168b243', '12c71ec3-4f2b-4718-9864-ba4e4d53de6c', 'jam 1 51', '2021-01-03 18:51:20'),
('8a76b230-e424-433a-9762-334235d4a379', '94d2768c-e270-46dc-a089-8ef645866980', '12c71ec3-4f2b-4718-9864-ba4e4d53de6c', 'haloo', '2021-01-04 09:04:03'),
('8ba201cc-653f-44d6-8074-7a81a9753ddf', '12c71ec3-4f2b-4718-9864-ba4e4d53de6c', '998c030f-954d-4dd2-94df-69cc0045fb82', 'jam 19 17', '2021-01-05 12:17:20'),
('8bc1fffc-341a-48c2-be54-f4bec3cf3b86', '12c71ec3-4f2b-4718-9864-ba4e4d53de6c', '998c030f-954d-4dd2-94df-69cc0045fb82', 'jam 18 19', '2021-01-05 11:19:15'),
('8c1550fa-11cd-4389-ac05-61927ebd7884', '12c71ec3-4f2b-4718-9864-ba4e4d53de6c', '94d2768c-e270-46dc-a089-8ef645866980', 'halo', '2021-01-04 09:03:35'),
('8cdf25e3-efd6-41f6-b8f5-1f3e56a2215a', '998c030f-954d-4dd2-94df-69cc0045fb82', '2f91f660-c6a0-4a37-91a4-84706168b243', 'halo shau, aku robi', '2021-01-05 10:17:00'),
('8cf9d293-d47d-4b43-99e1-0d5cb9844219', '2f91f660-c6a0-4a37-91a4-84706168b243', '998c030f-954d-4dd2-94df-69cc0045fb82', 'halo aku shaula', '2021-02-02 18:06:47'),
('8d99db18-3dda-4024-b3a5-de8bfa60d346', '12c71ec3-4f2b-4718-9864-ba4e4d53de6c', '877a8f3f-927d-4664-b078-3cd87479de5f', 'halo', '2021-01-05 20:54:56'),
('8e27d1b8-3629-4d6b-942c-d530f4537af1', '12c71ec3-4f2b-4718-9864-ba4e4d53de6c', '998c030f-954d-4dd2-94df-69cc0045fb82', 'jam 18 48', '2021-01-05 11:48:57'),
('8e4167ed-d25f-492b-b6c3-963de080067b', '12c71ec3-4f2b-4718-9864-ba4e4d53de6c', '2f91f660-c6a0-4a37-91a4-84706168b243', 'dari robi jam 17 31', '2021-01-05 10:31:30'),
('8e506b88-3696-449c-bd1d-8a19861228fb', '998c030f-954d-4dd2-94df-69cc0045fb82', '2f91f660-c6a0-4a37-91a4-84706168b243', 'dari robi jam 19 00', '2021-01-05 12:00:10'),
('8e6635cd-ac2d-49dd-838c-9f8827e6b14c', '12c71ec3-4f2b-4718-9864-ba4e4d53de6c', '998c030f-954d-4dd2-94df-69cc0045fb82', 'jam 18 21', '2021-01-05 11:21:10'),
('8ea41ca0-dfe7-440a-809d-f98a325d431f', '12c71ec3-4f2b-4718-9864-ba4e4d53de6c', '94d2768c-e270-46dc-a089-8ef645866980', 'hai', '2021-01-01 09:16:17'),
('921b8cc1-63a0-424b-8274-52622c6107bb', '2f91f660-c6a0-4a37-91a4-84706168b243', '12c71ec3-4f2b-4718-9864-ba4e4d53de6c', 'tes', '2021-01-03 17:09:38'),
('92c0bb23-63bd-4ce1-adc3-5faf0795c2c5', '12c71ec3-4f2b-4718-9864-ba4e4d53de6c', '2f91f660-c6a0-4a37-91a4-84706168b243', 'dari robi jam 17 27', '2021-01-05 10:27:48'),
('934d2e2d-13af-4f36-912f-352b6d594f41', '12c71ec3-4f2b-4718-9864-ba4e4d53de6c', '94d2768c-e270-46dc-a089-8ef645866980', 'sekarang jam 13 26', '2021-01-04 06:26:12'),
('94994a68-7b9e-4749-a8fc-373ecef3a26f', '94d2768c-e270-46dc-a089-8ef645866980', '12c71ec3-4f2b-4718-9864-ba4e4d53de6c', 'jam 13 17', '2021-01-04 06:17:25'),
('9628f15e-4737-4201-a4b8-a81ecda7a191', '12c71ec3-4f2b-4718-9864-ba4e4d53de6c', '2f91f660-c6a0-4a37-91a4-84706168b243', 'dari robi untuk shaula jam 23 39', '2021-01-05 16:39:50'),
('9676df14-e586-4e56-b714-10cf879acc54', '12c71ec3-4f2b-4718-9864-ba4e4d53de6c', '998c030f-954d-4dd2-94df-69cc0045fb82', 'haii', '2021-01-05 15:12:30'),
('97b9ae95-347f-4a61-a9fb-078e57996dae', '998c030f-954d-4dd2-94df-69cc0045fb82', '12c71ec3-4f2b-4718-9864-ba4e4d53de6c', 'jam 19 13', '2021-01-05 12:13:05'),
('97d1b2af-a990-4439-9f3f-30dba9380f1d', '2f91f660-c6a0-4a37-91a4-84706168b243', '12c71ec3-4f2b-4718-9864-ba4e4d53de6c', 'jam 144', '2021-01-03 18:44:56'),
('989de082-16a5-4ed5-aca7-9ba266f326a1', '94d2768c-e270-46dc-a089-8ef645866980', '12c71ec3-4f2b-4718-9864-ba4e4d53de6c', 'hai', '2021-01-01 09:10:15'),
('999261de-aef3-406b-b18e-b9321a9e87cb', '94d2768c-e270-46dc-a089-8ef645866980', '12c71ec3-4f2b-4718-9864-ba4e4d53de6c', 'jam 19 15', '2021-01-03 12:16:00'),
('99dcee84-83df-47ae-96f5-574b8650c811', '998c030f-954d-4dd2-94df-69cc0045fb82', '12c71ec3-4f2b-4718-9864-ba4e4d53de6c', 'hola', '2021-02-03 08:29:49'),
('99e8c376-6771-4e51-a13f-8c7361eece4d', '998c030f-954d-4dd2-94df-69cc0045fb82', '2f91f660-c6a0-4a37-91a4-84706168b243', 'halo shau, jam 23 44', '2021-01-05 16:44:36'),
('9a112de6-697d-48e1-b841-e7f25ac1ee51', '998c030f-954d-4dd2-94df-69cc0045fb82', '12c71ec3-4f2b-4718-9864-ba4e4d53de6c', 'jam 22 03', '2021-01-05 15:03:41'),
('9a225c75-59a7-48f6-9968-ec7a9cdf6730', '998c030f-954d-4dd2-94df-69cc0045fb82', '2f91f660-c6a0-4a37-91a4-84706168b243', 'dari robi', '2021-01-05 15:16:02'),
('9beecdd1-ed7f-4770-9a4a-b268a06e1e14', '12c71ec3-4f2b-4718-9864-ba4e4d53de6c', '998c030f-954d-4dd2-94df-69cc0045fb82', 'jam 21 22', '2021-01-05 14:22:40'),
('9cb38497-2fb6-48b5-845a-03701d406883', '2f91f660-c6a0-4a37-91a4-84706168b243', '998c030f-954d-4dd2-94df-69cc0045fb82', 'haii', '2021-02-02 18:37:01'),
('9e8e8dc0-595f-463b-a0bc-bd5cd2f631db', '12c71ec3-4f2b-4718-9864-ba4e4d53de6c', '2f91f660-c6a0-4a37-91a4-84706168b243', 'jam 1 58', '2021-01-03 18:58:47'),
('9f49af28-d4cf-4bba-9f1a-c9940395cd26', '2f91f660-c6a0-4a37-91a4-84706168b243', '12c71ec3-4f2b-4718-9864-ba4e4d53de6c', 'halo', '2021-01-03 16:33:45'),
('a0144f79-5448-4a6c-9ae4-5ba5c66a06ae', '998c030f-954d-4dd2-94df-69cc0045fb82', '2f91f660-c6a0-4a37-91a4-84706168b243', 'hola', '2021-01-05 16:26:51'),
('a05d876b-df63-467b-9c59-5f9ce56da47b', '12c71ec3-4f2b-4718-9864-ba4e4d53de6c', '998c030f-954d-4dd2-94df-69cc0045fb82', 'hai', '2021-01-05 04:48:09'),
('a06016e1-5039-412b-bf39-293f62baa2b7', '94d2768c-e270-46dc-a089-8ef645866980', '12c71ec3-4f2b-4718-9864-ba4e4d53de6c', 'jasmine', '2021-02-03 08:24:21'),
('a0bcb0b9-292e-43e3-9c54-3674d31569df', '94d2768c-e270-46dc-a089-8ef645866980', '12c71ec3-4f2b-4718-9864-ba4e4d53de6c', 'jam 12 53', '2021-01-04 05:53:39'),
('a0dfe28b-fb52-4756-83e6-1ccad7ed8452', '998c030f-954d-4dd2-94df-69cc0045fb82', '2f91f660-c6a0-4a37-91a4-84706168b243', 'jam 20 23', '2021-01-05 13:23:24'),
('a105669d-4a4a-4532-8892-72ae769bf7ae', '12c71ec3-4f2b-4718-9864-ba4e4d53de6c', '2f91f660-c6a0-4a37-91a4-84706168b243', 'haloo', '2021-01-04 08:03:36'),
('a24c0a87-f544-4df0-9b25-570b6bf36597', '12c71ec3-4f2b-4718-9864-ba4e4d53de6c', '998c030f-954d-4dd2-94df-69cc0045fb82', 'jam 21 00', '2021-01-05 14:00:16'),
('a24f4e53-c9ee-4a88-a3db-25c6abf89767', '12c71ec3-4f2b-4718-9864-ba4e4d53de6c', '998c030f-954d-4dd2-94df-69cc0045fb82', 'jam 23 16', '2021-01-05 16:16:27'),
('a266a359-d86d-4da4-b015-fc69dedcb1c9', '998c030f-954d-4dd2-94df-69cc0045fb82', '12c71ec3-4f2b-4718-9864-ba4e4d53de6c', 'hai', '2021-01-05 04:46:47'),
('a30d762e-e2ef-4a0f-a904-4477442a3172', '12c71ec3-4f2b-4718-9864-ba4e4d53de6c', '998c030f-954d-4dd2-94df-69cc0045fb82', 'jam 18 51', '2021-01-05 11:51:10'),
('a325b2e0-e7d3-432f-aed2-3cf1d1375f2c', '94d2768c-e270-46dc-a089-8ef645866980', '12c71ec3-4f2b-4718-9864-ba4e4d53de6c', 'jam 19 59', '2021-01-03 12:59:10'),
('a3705c2d-eedd-4c4d-8d61-0420f6d54347', '12c71ec3-4f2b-4718-9864-ba4e4d53de6c', '998c030f-954d-4dd2-94df-69cc0045fb82', 'jam 22 32', '2021-01-05 15:32:28'),
('a391ea95-841f-4fdb-9f48-83ecc02bf40e', '94d2768c-e270-46dc-a089-8ef645866980', '12c71ec3-4f2b-4718-9864-ba4e4d53de6c', 'pagi jasmine', '2021-01-03 19:15:17'),
('a485dd37-779b-40d0-8233-6c32b68845b0', '12c71ec3-4f2b-4718-9864-ba4e4d53de6c', '94d2768c-e270-46dc-a089-8ef645866980', 'jam 10 17', '2021-01-04 03:17:26'),
('a4865e4b-2be3-44ca-809c-5df8ff6196fe', '12c71ec3-4f2b-4718-9864-ba4e4d53de6c', '877a8f3f-927d-4664-b078-3cd87479de5f', 'hola', '2021-01-05 20:55:21'),
('a4b58d5a-9293-4fd8-b58b-d214d2522fce', '12c71ec3-4f2b-4718-9864-ba4e4d53de6c', '998c030f-954d-4dd2-94df-69cc0045fb82', 'hai shaula', '2021-02-02 18:53:21'),
('a6a285b8-d405-4a6f-b30e-0fee6121b819', '998c030f-954d-4dd2-94df-69cc0045fb82', '2f91f660-c6a0-4a37-91a4-84706168b243', 'jam 21 20', '2021-01-05 14:20:20'),
('a7c463b5-e601-4a00-b410-5055cfeeca99', '998c030f-954d-4dd2-94df-69cc0045fb82', '12c71ec3-4f2b-4718-9864-ba4e4d53de6c', 'halo', '2021-01-05 05:08:12'),
('a9280a75-71bb-4062-9401-facd6530bf00', '12c71ec3-4f2b-4718-9864-ba4e4d53de6c', '2f91f660-c6a0-4a37-91a4-84706168b243', 'jam 1 57', '2021-01-03 18:57:04'),
('aa5a19bf-7f50-4014-8abe-993c4dc93220', '12c71ec3-4f2b-4718-9864-ba4e4d53de6c', '2f91f660-c6a0-4a37-91a4-84706168b243', 'halo', '2021-01-03 17:08:11'),
('aa5c889a-e22a-4108-b8b2-027b9ace1b53', '12c71ec3-4f2b-4718-9864-ba4e4d53de6c', '2f91f660-c6a0-4a37-91a4-84706168b243', 'haloo', '2021-01-03 17:04:13'),
('aab37fa6-a286-4918-8bd3-78752048655a', '998c030f-954d-4dd2-94df-69cc0045fb82', '12c71ec3-4f2b-4718-9864-ba4e4d53de6c', 'jam 18 11', '2021-01-05 11:11:07'),
('ab1fae67-950c-407c-8b6f-84c66212d703', '2f91f660-c6a0-4a37-91a4-84706168b243', '12c71ec3-4f2b-4718-9864-ba4e4d53de6c', 'halo', '2021-01-05 19:21:06'),
('abe71542-fe61-4347-8ae2-d52eaf653706', '2f91f660-c6a0-4a37-91a4-84706168b243', '12c71ec3-4f2b-4718-9864-ba4e4d53de6c', 'tes 2', '2021-01-03 17:11:09'),
('ac4cea33-13f4-4450-b3cb-142aff939c6c', '2f91f660-c6a0-4a37-91a4-84706168b243', '12c71ec3-4f2b-4718-9864-ba4e4d53de6c', 'jam 23 30', '2021-01-03 16:30:17'),
('ac8f2f15-c850-4ac0-b63b-ea5f210b1aaf', '998c030f-954d-4dd2-94df-69cc0045fb82', '12c71ec3-4f2b-4718-9864-ba4e4d53de6c', 'jam 18 24', '2021-01-05 11:24:08'),
('ae2f4a20-8aa2-4dd5-937b-115633576bb3', '12c71ec3-4f2b-4718-9864-ba4e4d53de6c', '998c030f-954d-4dd2-94df-69cc0045fb82', 'jam 21 11', '2021-01-05 14:11:01'),
('ae89ec2f-bbfb-42d6-9032-3b2c78147a50', '12c71ec3-4f2b-4718-9864-ba4e4d53de6c', '2f91f660-c6a0-4a37-91a4-84706168b243', 'jam 1 59', '2021-01-03 18:59:59'),
('af245ed0-a450-42b7-ad73-39d57ba7dbc7', '94d2768c-e270-46dc-a089-8ef645866980', '12c71ec3-4f2b-4718-9864-ba4e4d53de6c', 'hai', '2020-12-29 19:06:41'),
('af7e6def-ac70-43da-be01-9021a5480b47', '12c71ec3-4f2b-4718-9864-ba4e4d53de6c', '94d2768c-e270-46dc-a089-8ef645866980', 'iyaa', '2021-01-04 03:34:47'),
('afcef83e-1d1a-42e9-b936-2ff1e5842499', '2f91f660-c6a0-4a37-91a4-84706168b243', '12c71ec3-4f2b-4718-9864-ba4e4d53de6c', 'jam 2 04', '2021-01-03 19:04:20'),
('b02451dc-2f63-406a-90b2-2f572ad5d652', '998c030f-954d-4dd2-94df-69cc0045fb82', '12c71ec3-4f2b-4718-9864-ba4e4d53de6c', 'jam 19 05', '2021-01-05 12:05:31'),
('b0d0c7da-75f5-4064-8266-f5e46571c86c', '12c71ec3-4f2b-4718-9864-ba4e4d53de6c', '998c030f-954d-4dd2-94df-69cc0045fb82', 'jam 22 25', '2021-01-05 15:25:02'),
('b0d3f26c-dd98-4ee2-9a62-1350b9cd880d', '12c71ec3-4f2b-4718-9864-ba4e4d53de6c', '94d2768c-e270-46dc-a089-8ef645866980', 'jam 10 32', '2021-01-04 03:32:22'),
('b120015f-a6fc-431e-af98-a8de9751331e', '12c71ec3-4f2b-4718-9864-ba4e4d53de6c', '94d2768c-e270-46dc-a089-8ef645866980', 'kabar baik', '2021-01-01 08:31:27'),
('b14f6fc1-7e5a-46ca-b57f-1d7cc87e075e', '998c030f-954d-4dd2-94df-69cc0045fb82', '2f91f660-c6a0-4a37-91a4-84706168b243', 'hai', '2021-01-05 15:12:42'),
('b15a0178-1833-4208-aa75-0399ddb9d849', '12c71ec3-4f2b-4718-9864-ba4e4d53de6c', '94d2768c-e270-46dc-a089-8ef645866980', '15 00', '2021-01-04 08:00:38'),
('b1dc5772-5e9f-4cb9-a9d3-48ef3992098d', '12c71ec3-4f2b-4718-9864-ba4e4d53de6c', '2f91f660-c6a0-4a37-91a4-84706168b243', 'dari robi jam 17 20', '2021-01-05 10:20:35'),
('b203a8be-affe-440e-a6d1-8b804a23b931', '998c030f-954d-4dd2-94df-69cc0045fb82', '2f91f660-c6a0-4a37-91a4-84706168b243', 'OPP', '2021-01-05 16:13:09'),
('b4be596e-40c4-4dd9-9d5d-f5daec3889fc', '94d2768c-e270-46dc-a089-8ef645866980', '12c71ec3-4f2b-4718-9864-ba4e4d53de6c', 'halo jasmine', '2021-01-03 19:10:51'),
('b59be409-8657-47c2-a310-e789d41ae50d', '12c71ec3-4f2b-4718-9864-ba4e4d53de6c', '94d2768c-e270-46dc-a089-8ef645866980', 'pagi shaula', '2021-01-04 03:00:56'),
('b6750222-1d27-472c-8ea8-8e7df1f2ea3d', '94d2768c-e270-46dc-a089-8ef645866980', '12c71ec3-4f2b-4718-9864-ba4e4d53de6c', '19 17', '2021-01-03 12:17:51'),
('b71bc38c-72da-4213-ade5-588cf46fae8c', '94d2768c-e270-46dc-a089-8ef645866980', '12c71ec3-4f2b-4718-9864-ba4e4d53de6c', 'halo', '2021-01-04 08:48:12'),
('b7413f6d-3734-4042-8cef-f9de612e1081', '2f91f660-c6a0-4a37-91a4-84706168b243', '12c71ec3-4f2b-4718-9864-ba4e4d53de6c', 'jam 106', '2021-01-03 18:07:01'),
('b766e074-937a-4c1c-b170-d0f8bbc53fb3', '12c71ec3-4f2b-4718-9864-ba4e4d53de6c', '2f91f660-c6a0-4a37-91a4-84706168b243', 'jam 2 09', '2021-01-03 19:09:03'),
('b7ed2cfd-8d75-40e8-af30-4705dec61cf0', '12c71ec3-4f2b-4718-9864-ba4e4d53de6c', '998c030f-954d-4dd2-94df-69cc0045fb82', 'hai shaula', '2021-01-05 13:47:12'),
('b853dbd3-c298-4406-91c8-39218ead2c2d', '2f91f660-c6a0-4a37-91a4-84706168b243', '12c71ec3-4f2b-4718-9864-ba4e4d53de6c', 'jam 1 52', '2021-01-03 18:52:54'),
('b876af29-0f17-45ac-9a38-2b564347b0d0', '2f91f660-c6a0-4a37-91a4-84706168b243', '94d2768c-e270-46dc-a089-8ef645866980', 'haii', '2021-01-01 12:01:13'),
('b9646f3e-7373-43fd-90ea-fed2478eacf2', '12c71ec3-4f2b-4718-9864-ba4e4d53de6c', '94d2768c-e270-46dc-a089-8ef645866980', 'halo', '2021-01-04 09:16:22'),
('ba34d940-276c-4234-a421-a8881f0e0a99', '12c71ec3-4f2b-4718-9864-ba4e4d53de6c', '94d2768c-e270-46dc-a089-8ef645866980', 'sekarang jam set 7', '2021-01-03 11:30:56'),
('ba4cba5a-aef7-442c-af62-9013229c49ce', '998c030f-954d-4dd2-94df-69cc0045fb82', '12c71ec3-4f2b-4718-9864-ba4e4d53de6c', '19 27', '2021-01-05 12:27:23'),
('bb8a506d-2f4b-4d62-b050-5acb1b0ee15b', '94d2768c-e270-46dc-a089-8ef645866980', '12c71ec3-4f2b-4718-9864-ba4e4d53de6c', 'apakabar?', '2021-01-01 08:30:41'),
('bc0b46d6-6f45-4856-afb8-43095a735524', '12c71ec3-4f2b-4718-9864-ba4e4d53de6c', '94d2768c-e270-46dc-a089-8ef645866980', 'sore', '2021-01-02 10:36:51'),
('bc5087a4-0e82-4200-bb54-f5a967fbed58', '998c030f-954d-4dd2-94df-69cc0045fb82', '2f91f660-c6a0-4a37-91a4-84706168b243', 'jam 22 30', '2021-01-05 15:30:17'),
('bcd84870-f049-4ea4-b499-a821c7c0289d', '12c71ec3-4f2b-4718-9864-ba4e4d53de6c', '94d2768c-e270-46dc-a089-8ef645866980', 'hai', '2021-01-05 11:35:42'),
('bcdd5658-3c5e-4484-be8f-e71c8873cda2', '94d2768c-e270-46dc-a089-8ef645866980', '12c71ec3-4f2b-4718-9864-ba4e4d53de6c', 'jam 10 42', '2021-01-04 03:42:38'),
('be2c590e-887a-4760-81e3-518691ff9c08', '12c71ec3-4f2b-4718-9864-ba4e4d53de6c', '2f91f660-c6a0-4a37-91a4-84706168b243', 'jam 030', '2021-01-03 17:30:42'),
('bfaf315a-34f2-4fd5-9ace-c20c7ddb88c6', '94d2768c-e270-46dc-a089-8ef645866980', '12c71ec3-4f2b-4718-9864-ba4e4d53de6c', 'jam 13 14', '2021-01-04 06:14:48'),
('c01646ab-950b-470b-bd65-182b1b2436b0', '12c71ec3-4f2b-4718-9864-ba4e4d53de6c', '94d2768c-e270-46dc-a089-8ef645866980', 'iya', '2021-01-01 08:42:09'),
('c323e23a-b3fa-4ae5-9572-5d9c4b558289', '12c71ec3-4f2b-4718-9864-ba4e4d53de6c', '998c030f-954d-4dd2-94df-69cc0045fb82', 'jam 21 33', '2021-01-05 14:33:38'),
('c335fc94-fdb3-4d16-b340-b568122c9e47', '12c71ec3-4f2b-4718-9864-ba4e4d53de6c', '2f91f660-c6a0-4a37-91a4-84706168b243', 'haloo', '2021-01-03 17:11:58'),
('c3ffa789-f870-4e02-9d11-a17c9e768332', '12c71ec3-4f2b-4718-9864-ba4e4d53de6c', '94d2768c-e270-46dc-a089-8ef645866980', 'jam 13 01', '2021-01-04 06:01:46'),
('c4450826-0576-489d-902a-537c03c52568', '12c71ec3-4f2b-4718-9864-ba4e4d53de6c', '998c030f-954d-4dd2-94df-69cc0045fb82', 'jam 22 28', '2021-01-05 15:28:42'),
('c4a4cde5-94a8-41be-89c4-6cafa6a0e947', '998c030f-954d-4dd2-94df-69cc0045fb82', '2f91f660-c6a0-4a37-91a4-84706168b243', 'jam 22 59', '2021-01-05 15:59:03'),
('c5b3fbbd-2741-49fb-a331-f78dd0ea8d75', '12c71ec3-4f2b-4718-9864-ba4e4d53de6c', '94d2768c-e270-46dc-a089-8ef645866980', 'jam 13 19', '2021-01-04 06:19:36'),
('c6aa561d-87a8-4a30-8744-cc7d7087eaea', '94d2768c-e270-46dc-a089-8ef645866980', '12c71ec3-4f2b-4718-9864-ba4e4d53de6c', 'ohh gitu', '2021-01-01 08:41:56'),
('c7470164-34fc-42b1-a2a2-d1608aee56cc', '998c030f-954d-4dd2-94df-69cc0045fb82', '12c71ec3-4f2b-4718-9864-ba4e4d53de6c', 'dari shaula untuk shau', '2021-01-05 13:19:23'),
('c7987338-af03-445b-9982-cc19064d4a7d', '94d2768c-e270-46dc-a089-8ef645866980', '2f91f660-c6a0-4a37-91a4-84706168b243', 'malam jasmine', '2021-01-03 19:13:30'),
('c81f4e9b-6224-40e3-8dee-897257a76f43', '94d2768c-e270-46dc-a089-8ef645866980', '12c71ec3-4f2b-4718-9864-ba4e4d53de6c', 'haloo, aku shaula', '2021-01-01 11:58:20'),
('c9426fa8-2c4c-4146-8479-7e8e2e3bb5a4', '12c71ec3-4f2b-4718-9864-ba4e4d53de6c', '998c030f-954d-4dd2-94df-69cc0045fb82', 'halo', '2021-01-05 13:41:37');
INSERT INTO `chatmessage` (`id`, `receiverId`, `senderId`, `message`, `time`) VALUES
('c9bf64a7-0795-46c7-9b39-17839708648d', '12c71ec3-4f2b-4718-9864-ba4e4d53de6c', '998c030f-954d-4dd2-94df-69cc0045fb82', 'jam 23 33', '2021-01-05 16:33:54'),
('c9ffdce4-3a4d-4506-97d7-729599374fe1', '94d2768c-e270-46dc-a089-8ef645866980', '12c71ec3-4f2b-4718-9864-ba4e4d53de6c', 'jam 11', '2021-01-04 04:01:00'),
('ca89213b-aae8-485e-956a-7e37ef96f25c', '12c71ec3-4f2b-4718-9864-ba4e4d53de6c', '998c030f-954d-4dd2-94df-69cc0045fb82', 'jam 21 05', '2021-01-05 14:05:36'),
('cb053a30-032e-4245-afd2-b0a4f979e8a7', '998c030f-954d-4dd2-94df-69cc0045fb82', '2f91f660-c6a0-4a37-91a4-84706168b243', 'jam 21 24', '2021-01-05 14:24:26'),
('cb476234-00bb-4bdf-8a55-babe3bd06818', '12c71ec3-4f2b-4718-9864-ba4e4d53de6c', '94d2768c-e270-46dc-a089-8ef645866980', 'jam 10 11', '2021-01-04 03:11:33'),
('cb8cb19b-0a48-4201-b570-51bd309368b7', '94d2768c-e270-46dc-a089-8ef645866980', '12c71ec3-4f2b-4718-9864-ba4e4d53de6c', 'sekarang hari apa?', '2021-01-04 03:34:13'),
('cbfb07c4-8393-4692-b2a1-ee289ff4b1bd', '998c030f-954d-4dd2-94df-69cc0045fb82', '12c71ec3-4f2b-4718-9864-ba4e4d53de6c', 'hallo', '2021-01-05 04:08:28'),
('cc03fbec-eb40-418a-8bfc-233c61015487', '12c71ec3-4f2b-4718-9864-ba4e4d53de6c', '94d2768c-e270-46dc-a089-8ef645866980', 'jam 13 14', '2021-01-04 06:14:59'),
('cd0d1016-3fdb-4031-ab74-0542796d3494', '94d2768c-e270-46dc-a089-8ef645866980', '12c71ec3-4f2b-4718-9864-ba4e4d53de6c', 'hai', '2021-01-01 08:22:15'),
('cd1c3b89-9eae-43d8-9feb-5002f970f67e', '94d2768c-e270-46dc-a089-8ef645866980', '12c71ec3-4f2b-4718-9864-ba4e4d53de6c', 'jam 12 59', '2021-01-04 05:59:10'),
('cd622e01-be0c-4ca8-b1a4-544630f79a5b', '12c71ec3-4f2b-4718-9864-ba4e4d53de6c', '998c030f-954d-4dd2-94df-69cc0045fb82', 'jam 22 44', '2021-01-05 15:44:58'),
('cf55498e-7265-4ae9-834e-5c64c3050e65', '12c71ec3-4f2b-4718-9864-ba4e4d53de6c', '94d2768c-e270-46dc-a089-8ef645866980', 'hai aku jasmine', '2021-01-01 08:20:46'),
('cfea964c-a61b-4075-961a-f92cedc8899d', '94d2768c-e270-46dc-a089-8ef645866980', '12c71ec3-4f2b-4718-9864-ba4e4d53de6c', 'jam 10 44', '2021-01-04 03:44:23'),
('d00223b5-a9f3-4994-ab7f-0cfe33f2f97a', '12c71ec3-4f2b-4718-9864-ba4e4d53de6c', '2f91f660-c6a0-4a37-91a4-84706168b243', 'halo', '2021-01-03 17:26:10'),
('d087154f-599b-4144-9190-6bb415e5a1ee', '12c71ec3-4f2b-4718-9864-ba4e4d53de6c', '94d2768c-e270-46dc-a089-8ef645866980', 'jam 10 30', '2021-01-04 03:30:37'),
('d0b94ac6-5a8c-4a5f-8346-2439e39acfbc', '998c030f-954d-4dd2-94df-69cc0045fb82', '2f91f660-c6a0-4a37-91a4-84706168b243', 'halo aku robi', '2021-01-05 11:55:43'),
('d2687043-ce47-47fc-962d-0de0bd56175f', '12c71ec3-4f2b-4718-9864-ba4e4d53de6c', '998c030f-954d-4dd2-94df-69cc0045fb82', 'jam 23 24', '2021-01-05 16:24:32'),
('d365e73f-5a07-4b83-98fa-b0c28c427ace', '94d2768c-e270-46dc-a089-8ef645866980', '12c71ec3-4f2b-4718-9864-ba4e4d53de6c', 'jam 12 25', '2021-01-04 05:25:31'),
('d36e4992-7b3b-4464-81a5-9b7c57faae68', '12c71ec3-4f2b-4718-9864-ba4e4d53de6c', '998c030f-954d-4dd2-94df-69cc0045fb82', 'hola', '2021-01-05 07:49:23'),
('d3c0e4a0-14f8-46fe-aa24-6a4cdc03b25b', '998c030f-954d-4dd2-94df-69cc0045fb82', '2f91f660-c6a0-4a37-91a4-84706168b243', 'dari robi jam 17 16', '2021-01-05 10:16:30'),
('d43a0efa-6c38-454c-920b-9ef316817704', '2f91f660-c6a0-4a37-91a4-84706168b243', '12c71ec3-4f2b-4718-9864-ba4e4d53de6c', 'jam 1 50', '2021-01-03 18:50:07'),
('d4d7847e-586d-4b0a-85a9-022361c840c4', '12c71ec3-4f2b-4718-9864-ba4e4d53de6c', '94d2768c-e270-46dc-a089-8ef645866980', 'halo', '2021-01-04 11:27:56'),
('d6a39aac-1606-4b60-bf0b-a9e3627ae6f5', '998c030f-954d-4dd2-94df-69cc0045fb82', '12c71ec3-4f2b-4718-9864-ba4e4d53de6c', 'haloo', '2021-01-05 04:11:39'),
('d763bc18-545c-4024-83c1-610a181f4463', '12c71ec3-4f2b-4718-9864-ba4e4d53de6c', '998c030f-954d-4dd2-94df-69cc0045fb82', 'jam 19 23', '2021-01-05 12:23:27'),
('d7966375-8a3e-4ee2-911c-33fe701dfc70', '12c71ec3-4f2b-4718-9864-ba4e4d53de6c', '998c030f-954d-4dd2-94df-69cc0045fb82', 'holaa', '2021-02-02 16:20:53'),
('d8457e9c-d734-4e17-a4f7-902d24a50d0c', '12c71ec3-4f2b-4718-9864-ba4e4d53de6c', '998c030f-954d-4dd2-94df-69cc0045fb82', 'jam 16 34', '2021-01-05 09:34:31'),
('d87cbeb7-a27e-498b-bc17-0409b9eaef67', '2f91f660-c6a0-4a37-91a4-84706168b243', '12c71ec3-4f2b-4718-9864-ba4e4d53de6c', 'jam 124', '2021-01-03 18:24:55'),
('d894f0fe-2f1d-44c5-9d36-e87677f35f19', '94d2768c-e270-46dc-a089-8ef645866980', '12c71ec3-4f2b-4718-9864-ba4e4d53de6c', 'jam 12 57', '2021-01-04 05:57:36'),
('d8f08834-d11c-4b37-bc7d-94eff36beb30', '12c71ec3-4f2b-4718-9864-ba4e4d53de6c', '998c030f-954d-4dd2-94df-69cc0045fb82', 'jam 21 57', '2021-01-05 14:57:34'),
('da67289b-63ee-4320-a397-1f21e3b2ded7', '2f91f660-c6a0-4a37-91a4-84706168b243', '12c71ec3-4f2b-4718-9864-ba4e4d53de6c', 'haloo', '2020-12-29 12:45:39'),
('dabdfdf3-8068-467d-bf32-2fa2c0c43192', '94d2768c-e270-46dc-a089-8ef645866980', '998c030f-954d-4dd2-94df-69cc0045fb82', 'hai jasmine', '2021-02-02 18:52:04'),
('db643835-71b0-4335-9ba1-f05df673659d', '12c71ec3-4f2b-4718-9864-ba4e4d53de6c', '2f91f660-c6a0-4a37-91a4-84706168b243', 'halooooooooooooooo', '2021-01-03 16:07:16'),
('db8eb032-56ff-4ea4-95b1-a40ac69050b8', '12c71ec3-4f2b-4718-9864-ba4e4d53de6c', '998c030f-954d-4dd2-94df-69cc0045fb82', 'jam 20 19', '2021-01-05 13:19:03'),
('dc187e80-ce17-441e-b730-9643a793d9de', '12c71ec3-4f2b-4718-9864-ba4e4d53de6c', '998c030f-954d-4dd2-94df-69cc0045fb82', 'jam 20 56', '2021-01-05 13:56:44'),
('dc6627db-a71b-48e9-9fc3-c9c90de6ab7a', '998c030f-954d-4dd2-94df-69cc0045fb82', '2f91f660-c6a0-4a37-91a4-84706168b243', 'shau', '2021-01-05 16:41:03'),
('dc77152f-b3ae-4824-8e65-c4cb11fe1ed1', '998c030f-954d-4dd2-94df-69cc0045fb82', '2f91f660-c6a0-4a37-91a4-84706168b243', 'jam 21 23', '2021-01-05 14:23:19'),
('dd6b7097-9dbd-4ef0-b5c9-6d1959df3cd4', '2f91f660-c6a0-4a37-91a4-84706168b243', '998c030f-954d-4dd2-94df-69cc0045fb82', 'hola', '2021-02-02 18:19:14'),
('de536773-786f-4546-9abd-56ec9adff685', '12c71ec3-4f2b-4718-9864-ba4e4d53de6c', '998c030f-954d-4dd2-94df-69cc0045fb82', 'jam 19 14', '2021-01-05 12:14:28'),
('ded15493-6af8-49ce-878e-b8e19e0417f1', '12c71ec3-4f2b-4718-9864-ba4e4d53de6c', '2f91f660-c6a0-4a37-91a4-84706168b243', 'halo shaula', '2021-01-05 12:02:14'),
('df463914-21e6-4ac4-baa6-855a3531bb2e', '12c71ec3-4f2b-4718-9864-ba4e4d53de6c', '998c030f-954d-4dd2-94df-69cc0045fb82', 'hola', '2021-01-05 05:07:59'),
('df8a56db-7496-45bd-bccb-104c8fcc235c', '2f91f660-c6a0-4a37-91a4-84706168b243', '12c71ec3-4f2b-4718-9864-ba4e4d53de6c', 'hai robi', '2020-12-29 07:25:56'),
('dfbf4c73-60cf-41ad-a03a-5f77598bb7ed', '12c71ec3-4f2b-4718-9864-ba4e4d53de6c', '2f91f660-c6a0-4a37-91a4-84706168b243', 'jam 1 55', '2021-01-03 18:55:23'),
('dfe2e4f8-f99d-4f05-9bf7-ee44f1b99cd2', '12c71ec3-4f2b-4718-9864-ba4e4d53de6c', '94d2768c-e270-46dc-a089-8ef645866980', 'haloo', '2021-01-04 08:34:50'),
('e05f5815-e43d-48ce-8487-9c06620af522', '12c71ec3-4f2b-4718-9864-ba4e4d53de6c', '94d2768c-e270-46dc-a089-8ef645866980', 'aku jasmine', '2021-01-01 08:48:10'),
('e0a9d1b8-1864-4d97-800c-a7768b427b1f', '998c030f-954d-4dd2-94df-69cc0045fb82', '2f91f660-c6a0-4a37-91a4-84706168b243', 'halo', '2021-01-05 16:11:22'),
('e10c41b8-c42a-4c3b-8754-391fab08f4ce', '94d2768c-e270-46dc-a089-8ef645866980', '12c71ec3-4f2b-4718-9864-ba4e4d53de6c', 'pagi jasmine', '2021-01-04 03:01:35'),
('e292dcce-8fff-420f-bbf1-9ef77c5fb1e9', '94d2768c-e270-46dc-a089-8ef645866980', '12c71ec3-4f2b-4718-9864-ba4e4d53de6c', 'hi', '2021-01-01 19:36:13'),
('e2d2cc7f-c7cf-41a3-90aa-81664241df65', '12c71ec3-4f2b-4718-9864-ba4e4d53de6c', '94d2768c-e270-46dc-a089-8ef645866980', 'hola', '2021-01-01 11:53:19'),
('e393f878-1f6b-400d-acb0-ec3081575f9a', '12c71ec3-4f2b-4718-9864-ba4e4d53de6c', '998c030f-954d-4dd2-94df-69cc0045fb82', 'halo', '2021-01-05 08:22:34'),
('e468617d-a8dc-4a89-b83b-ca0a30142e35', '94d2768c-e270-46dc-a089-8ef645866980', '12c71ec3-4f2b-4718-9864-ba4e4d53de6c', 'jam 12 24', '2021-01-04 05:24:29'),
('e4dc51f2-92f5-4729-84cd-b7ace0d32f3e', '998c030f-954d-4dd2-94df-69cc0045fb82', '12c71ec3-4f2b-4718-9864-ba4e4d53de6c', 'jam 15 33', '2021-02-03 08:33:07'),
('e54516ed-2bde-42d8-bbe9-2c085c56ec15', '12c71ec3-4f2b-4718-9864-ba4e4d53de6c', '1672f05a-13a8-487c-9997-be5430608142', 'hai', '2021-01-05 01:14:27'),
('e5eb40a9-a5fc-4251-9ded-4392bb724e63', '998c030f-954d-4dd2-94df-69cc0045fb82', '12c71ec3-4f2b-4718-9864-ba4e4d53de6c', 'jam 18 15', '2021-01-05 11:15:04'),
('e663b4fa-62df-423f-a033-931eef11557a', '94d2768c-e270-46dc-a089-8ef645866980', '12c71ec3-4f2b-4718-9864-ba4e4d53de6c', 'hola', '2021-01-01 09:14:53'),
('e7ebfeb4-7cee-425f-97d5-ff0a3dc12810', '12c71ec3-4f2b-4718-9864-ba4e4d53de6c', '998c030f-954d-4dd2-94df-69cc0045fb82', 'hai', '2021-01-05 16:27:57'),
('ea7e1247-4547-4c98-88ef-2e7c19b0edbf', '12c71ec3-4f2b-4718-9864-ba4e4d53de6c', '94d2768c-e270-46dc-a089-8ef645866980', 'jam 12 59', '2021-01-04 05:59:01'),
('eadbc271-ff30-4ca8-aaa9-d6643bd23fa6', '94d2768c-e270-46dc-a089-8ef645866980', '12c71ec3-4f2b-4718-9864-ba4e4d53de6c', 'jam 13 05', '2021-01-04 06:05:20'),
('eb4dc28e-dc74-41cc-81ff-42aa8f506a9e', '998c030f-954d-4dd2-94df-69cc0045fb82', '12c71ec3-4f2b-4718-9864-ba4e4d53de6c', 'jam 19 23', '2021-01-05 12:23:19'),
('eba56813-c28c-4f9d-9172-264fdbb12874', '12c71ec3-4f2b-4718-9864-ba4e4d53de6c', '94d2768c-e270-46dc-a089-8ef645866980', 'haloooooo', '2021-01-04 08:59:13'),
('ebbfcbed-2a17-4895-b078-3fda1f3db032', '12c71ec3-4f2b-4718-9864-ba4e4d53de6c', '94d2768c-e270-46dc-a089-8ef645866980', 'jam 13 00', '2021-01-04 06:00:15'),
('ed9d653a-644f-441a-94b4-8d22c225858f', '998c030f-954d-4dd2-94df-69cc0045fb82', '12c71ec3-4f2b-4718-9864-ba4e4d53de6c', 'jam 21 19', '2021-01-05 14:19:42'),
('ee2efe57-49a9-4d4d-afd7-343b368b1d0b', '2f91f660-c6a0-4a37-91a4-84706168b243', '12c71ec3-4f2b-4718-9864-ba4e4d53de6c', 'jam 146', '2021-01-03 18:46:18'),
('efb7bd48-5373-4663-9908-cdba774bc84a', '998c030f-954d-4dd2-94df-69cc0045fb82', '2f91f660-c6a0-4a37-91a4-84706168b243', 'jam 22 33', '2021-01-05 15:33:04'),
('f00d2e1a-9aa4-4929-a1ed-e38934386fe1', '12c71ec3-4f2b-4718-9864-ba4e4d53de6c', '998c030f-954d-4dd2-94df-69cc0045fb82', 'jam 22 58', '2021-01-05 15:58:08'),
('f0480283-17a6-4197-a152-fecc53d4af8f', '94d2768c-e270-46dc-a089-8ef645866980', '12c71ec3-4f2b-4718-9864-ba4e4d53de6c', 'aku shaula', '2021-01-01 08:46:07'),
('f0a03faa-379b-4230-b62a-30296db27488', '12c71ec3-4f2b-4718-9864-ba4e4d53de6c', '2f91f660-c6a0-4a37-91a4-84706168b243', 'jam 2 24', '2021-01-03 19:24:13'),
('f1b6457c-1af5-469e-b34d-253e456a9865', '94d2768c-e270-46dc-a089-8ef645866980', '12c71ec3-4f2b-4718-9864-ba4e4d53de6c', 'jam 13 25', '2021-01-04 06:25:49'),
('f1f3fc82-6f46-48e0-9d5c-9b13e39f9a73', '12c71ec3-4f2b-4718-9864-ba4e4d53de6c', '94d2768c-e270-46dc-a089-8ef645866980', 'halo', '2021-01-01 08:26:05'),
('f1f887b8-13ce-4774-a1b3-241dbf47426d', '12c71ec3-4f2b-4718-9864-ba4e4d53de6c', '94d2768c-e270-46dc-a089-8ef645866980', 'aku jasmine', '2021-01-01 08:27:59'),
('f257c55a-10f7-48ca-b155-8dc4d62255e9', '998c030f-954d-4dd2-94df-69cc0045fb82', '2f91f660-c6a0-4a37-91a4-84706168b243', 'jam 23 34', '2021-01-05 16:34:27'),
('f35dfa6b-b94f-47b0-9851-9b59e2584c36', '2f91f660-c6a0-4a37-91a4-84706168b243', '12c71ec3-4f2b-4718-9864-ba4e4d53de6c', 'halo', '2020-12-29 12:37:11'),
('f35e6242-e631-4182-8278-40da0005f9ca', '94d2768c-e270-46dc-a089-8ef645866980', '12c71ec3-4f2b-4718-9864-ba4e4d53de6c', 'jam 13 00', '2021-01-04 06:00:06'),
('f3ddffbc-8b0e-4d46-9b71-f2dbaebf2dab', '94d2768c-e270-46dc-a089-8ef645866980', '12c71ec3-4f2b-4718-9864-ba4e4d53de6c', 'opp', '2021-01-01 19:36:52'),
('f5ee5279-85ec-417e-bb97-44ea62f9cb7f', '12c71ec3-4f2b-4718-9864-ba4e4d53de6c', '94d2768c-e270-46dc-a089-8ef645866980', 'sekarang jam 14 25', '2021-01-04 07:25:05'),
('f621ac26-7d13-440f-bb97-3066c49a91e9', '998c030f-954d-4dd2-94df-69cc0045fb82', '12c71ec3-4f2b-4718-9864-ba4e4d53de6c', 'hai', '2021-02-02 16:23:52'),
('f82bbe4a-054a-4d51-8b8e-466cb511fb62', '12c71ec3-4f2b-4718-9864-ba4e4d53de6c', '94d2768c-e270-46dc-a089-8ef645866980', 'kamu gimana kabarnya?', '2021-01-04 03:34:57'),
('f91bdc0c-7f68-43eb-810d-8358221747dd', '2f91f660-c6a0-4a37-91a4-84706168b243', '94d2768c-e270-46dc-a089-8ef645866980', 'halooo', '2021-01-01 12:01:33'),
('f987f6fe-52fe-4b00-b482-3f89f5e8c869', '94d2768c-e270-46dc-a089-8ef645866980', '12c71ec3-4f2b-4718-9864-ba4e4d53de6c', 'jam 10 17', '2021-01-04 03:17:37'),
('f9c606eb-e65c-4f27-93d6-5c9db766d52d', '94d2768c-e270-46dc-a089-8ef645866980', '12c71ec3-4f2b-4718-9864-ba4e4d53de6c', 'jam 10 24', '2021-01-04 03:24:52'),
('faa39835-36ca-49ff-ba7f-8deaf4a25957', '998c030f-954d-4dd2-94df-69cc0045fb82', '2f91f660-c6a0-4a37-91a4-84706168b243', '22 19', '2021-01-05 15:19:05'),
('fdb113af-7dfa-4697-a9db-f852df02fb84', '94d2768c-e270-46dc-a089-8ef645866980', '12c71ec3-4f2b-4718-9864-ba4e4d53de6c', 'halo', '2021-01-04 17:50:19'),
('febc8354-9d3e-4bf9-a52f-4b170686582b', '2f91f660-c6a0-4a37-91a4-84706168b243', '94d2768c-e270-46dc-a089-8ef645866980', 'holaaa', '2021-01-01 12:01:49'),
('fef07f88-8045-4e07-81bc-e30aa48e78a0', '998c030f-954d-4dd2-94df-69cc0045fb82', '2f91f660-c6a0-4a37-91a4-84706168b243', 'dari robi', '2021-01-05 09:42:02'),
('ffab4bba-5360-441c-aee1-4add42a729b1', '998c030f-954d-4dd2-94df-69cc0045fb82', '12c71ec3-4f2b-4718-9864-ba4e4d53de6c', 'hai', '2021-01-05 05:05:59');

-- --------------------------------------------------------

--
-- Table structure for table `chatroom`
--

CREATE TABLE `chatroom` (
  `id` varchar(80) NOT NULL,
  `senderId` varchar(80) DEFAULT NULL,
  `message` text,
  `time` timestamp NOT NULL DEFAULT CURRENT_TIMESTAMP
) ENGINE=InnoDB DEFAULT CHARSET=latin1;

--
-- Dumping data for table `chatroom`
--

INSERT INTO `chatroom` (`id`, `senderId`, `message`, `time`) VALUES
('0207f36e-c2da-4cc6-bf26-8914e5baa2ef', '2f91f660-c6a0-4a37-91a4-84706168b243', 'hai aku robi', '2021-01-02 11:57:25'),
('152d9b1f-377f-4f42-976d-c1c803a40ff6', '12c71ec3-4f2b-4718-9864-ba4e4d53de6c', 'hola', '2021-01-02 10:24:33'),
('1682cd98-7832-40ec-b275-3080413b47fc', '12c71ec3-4f2b-4718-9864-ba4e4d53de6c', 'jam 10 malam', '2021-01-02 15:14:12'),
('20b9a574-ae1d-4b4b-90f6-50390ac5e28c', '94d2768c-e270-46dc-a089-8ef645866980', 'hai', '2021-01-02 10:35:37'),
('26d1cce2-33df-42f2-b79f-c45a07e1dd29', '12c71ec3-4f2b-4718-9864-ba4e4d53de6c', 'malam', '2021-01-02 15:09:18'),
('43047597-f45e-49e9-8177-90204752676f', '12c71ec3-4f2b-4718-9864-ba4e4d53de6c', 'sekarang hampir jam 11 malam loh', '2021-01-02 15:41:05'),
('4fd60b28-7605-4fbb-998b-015f02e955bb', '12c71ec3-4f2b-4718-9864-ba4e4d53de6c', 'hola', '2021-01-02 10:35:50'),
('6a44f277-3bdb-4697-bcd5-e89433bd509a', '12c71ec3-4f2b-4718-9864-ba4e4d53de6c', 'hola', '2021-01-02 10:26:52'),
('775e7778-566b-4a13-bd94-889c6e786da3', '12c71ec3-4f2b-4718-9864-ba4e4d53de6c', 'hola', '2021-01-02 10:28:13'),
('8ea60fa7-92aa-4400-851f-0d361ed314d8', '2f91f660-c6a0-4a37-91a4-84706168b243', 'haloo', '2021-01-02 11:53:46'),
('915bd713-37b5-456b-8666-1db5212bfcea', '12c71ec3-4f2b-4718-9864-ba4e4d53de6c', 'hai', '2021-01-02 10:30:30'),
('aad0ae7f-9824-4b72-a5c3-041fb02c474d', '12c71ec3-4f2b-4718-9864-ba4e4d53de6c', 'hola', '2021-01-02 10:20:33'),
('b3c368f4-d6e9-40c7-b4f3-bf1c2044aee3', '2f91f660-c6a0-4a37-91a4-84706168b243', 'hai aku robi', '2021-01-02 12:30:59'),
('b46f85ca-3fa8-4035-a8cb-b2a9679da5b9', '12c71ec3-4f2b-4718-9864-ba4e4d53de6c', 'hai', '2021-01-02 10:19:31'),
('c8920b70-bccb-4617-808c-b2d58eafa65c', '12c71ec3-4f2b-4718-9864-ba4e4d53de6c', 'malam', '2021-01-02 11:49:31'),
('ce945db6-7fee-4392-afe6-e11494844339', '12c71ec3-4f2b-4718-9864-ba4e4d53de6c', 'hai', '2021-01-02 10:25:28'),
('d472b811-082b-4fb8-a4f8-b6ffc92e5811', '12c71ec3-4f2b-4718-9864-ba4e4d53de6c', 'halo', '2021-01-02 10:18:07'),
('eabf17d6-9a3f-4c0d-a773-202d8ec02767', '12c71ec3-4f2b-4718-9864-ba4e4d53de6c', 'hai aku shaula', '2021-01-02 10:13:24'),
('ee63d3f2-7152-4fb0-bf6f-4e0d8834d746', '2f91f660-c6a0-4a37-91a4-84706168b243', 'jam 12 lewat 48', '2021-01-03 05:48:08'),
('f364923b-5f8c-41ce-b05f-e1589b979fec', '2f91f660-c6a0-4a37-91a4-84706168b243', 'hai', '2021-01-03 05:39:24');

-- --------------------------------------------------------

--
-- Table structure for table `room`
--

CREATE TABLE `room` (
  `id` varchar(80) NOT NULL,
  `nameRoom` varchar(255) DEFAULT NULL,
  `userId` varchar(80) DEFAULT NULL,
  `imgRoom` varchar(80) DEFAULT NULL
) ENGINE=InnoDB DEFAULT CHARSET=latin1;

--
-- Dumping data for table `room`
--

INSERT INTO `room` (`id`, `nameRoom`, `userId`, `imgRoom`) VALUES
('083493a5-2803-4e99-abb8-1bdd5d0a9c84', 'Tiga Sekawan', '94d2768c-e270-46dc-a089-8ef645866980', 'http://127.0.0.1:8000/upload/avatar.jpg'),
('5d5527b1-7704-4a2d-a8b6-c8331ef7be81', 'Tiga Sekawan', '12c71ec3-4f2b-4718-9864-ba4e4d53de6c', 'http://127.0.0.1:8000/upload/avatar.jpg'),
('5fb1248f-9c88-41f5-a796-0ec078c79ce2', 'Tiga Sekawan', '2f91f660-c6a0-4a37-91a4-84706168b243', 'http://127.0.0.1:8000/upload/avatar.jpg');

-- --------------------------------------------------------

--
-- Table structure for table `users`
--

CREATE TABLE `users` (
  `id` varchar(130) NOT NULL,
  `username` varchar(60) DEFAULT NULL,
  `name` varchar(60) DEFAULT NULL,
  `email` varchar(60) DEFAULT NULL,
  `password` varchar(60) DEFAULT NULL,
  `bio` varchar(255) DEFAULT NULL,
  `phoneNumber` int(20) DEFAULT NULL,
  `photoProfile` varchar(200) DEFAULT NULL,
  `isActive` tinyint(1) DEFAULT NULL,
  `lat` varchar(255) DEFAULT NULL,
  `lng` varchar(255) DEFAULT NULL,
  `status` varchar(10) DEFAULT NULL
) ENGINE=InnoDB DEFAULT CHARSET=latin1;

--
-- Dumping data for table `users`
--

INSERT INTO `users` (`id`, `username`, `name`, `email`, `password`, `bio`, `phoneNumber`, `photoProfile`, `isActive`, `lat`, `lng`, `status`) VALUES
('12c71ec3-4f2b-4718-9864-ba4e4d53de6c', 'sjasminetya', 'shaula', 'shaulajasminetya22@gmail.com', '$2a$10$s3aJERm/m2IZ.gnaH9OOauIFJtnigwmPf.S92RWvcKqdy8btFMds2', 'shaula', 987654, 'http://127.0.0.1:5200/upload/1612282506061-eskrim-naga.jpg', 0, '-7.5067379999999995', '110.20280640000001', 'offline'),
('2f91f660-c6a0-4a37-91a4-84706168b243', 'robii', 'Robi purba', 'jasminetyajas@gmail.com', '$2a$10$fc6TaEBaup7Zl.S8SQZqCOO7k8cC39nSi0RK/mkhd8VstjDhP.W9G', 'capten', 81234567, 'http://127.0.0.1:5200/upload/1612282551387-avatar-man.png', 0, '-7.5068057999999995', '110.2027799', 'offline'),
('94d2768c-e270-46dc-a089-8ef645866980', 'jajasss', 'Jasmine', 'shaulajasminetya04@gmail.com', '$2a$10$24fw85GCaraovvbBf0ismOHeL/aoBnmRNdnbxrKYg7CCFr8/43H.y', 'aku jasmine', 812345678, 'http://127.0.0.1:5200/upload/1612282604725-eskrim-rainbow.jpg', 0, '-7.5068057999999995', '110.2027799', 'offline'),
('998c030f-954d-4dd2-94df-69cc0045fb82', 'shaujas', 'shau', 'shaulajasminetya@gmail.com', '$2a$10$PSQA7zYJvqQzBMmgUaOIWe7/7kjxkePb3TXHFc1S1YQtRbKWTFV52', 'halo aku shaula', 813458792, 'http://127.0.0.1:5200/upload/1612282643297-black-eskrim.jpg', 0, '-7.5067507', '110.2027968', 'online');

--
-- Indexes for dumped tables
--

--
-- Indexes for table `chatmessage`
--
ALTER TABLE `chatmessage`
  ADD PRIMARY KEY (`id`);

--
-- Indexes for table `chatroom`
--
ALTER TABLE `chatroom`
  ADD PRIMARY KEY (`id`),
  ADD KEY `senderId` (`senderId`);

--
-- Indexes for table `room`
--
ALTER TABLE `room`
  ADD PRIMARY KEY (`id`);

--
-- Indexes for table `users`
--
ALTER TABLE `users`
  ADD PRIMARY KEY (`id`);
COMMIT;

/*!40101 SET CHARACTER_SET_CLIENT=@OLD_CHARACTER_SET_CLIENT */;
/*!40101 SET CHARACTER_SET_RESULTS=@OLD_CHARACTER_SET_RESULTS */;
/*!40101 SET COLLATION_CONNECTION=@OLD_COLLATION_CONNECTION */;
